season,seasontype,wk,date,time,tm_home,tm_away,pts_away,pts_home
2006,1,1,2006-08-10,2006-08-10T23:30:00Z,PHI,CLE,7,20
2006,1,1,2006-08-11,2006-08-11T00:00:00Z,STL,IND,17,19
2006,1,1,2006-08-11,2006-08-11T23:30:00Z,DET,DEN,13,20
2006,1,1,2006-08-11,2006-08-11T23:30:00Z,TB,NYJ,3,16
2006,1,1,2006-08-12,2006-08-12T00:00:00Z,ATL,NE,23,26
2006,1,1,2006-08-12,2006-08-12T00:00:00Z,BAL,NYG,17,16
2006,1,1,2006-08-12,2006-08-12T02:00:00Z,SF,CHI,14,28
2006,1,1,2006-08-12,2006-08-12T19:00:00Z,ARI,PIT,13,21
2006,1,1,2006-08-12,2006-08-12T23:30:00Z,CAR,BUF,13,14
2006,1,1,2006-08-12,2006-08-12T23:30:00Z,MIA,JAX,31,26
2006,1,1,2006-08-13,2006-08-13T00:00:00Z,HOU,KC,14,24
2006,1,1,2006-08-13,2006-08-13T00:00:00Z,TEN,NO,19,16
2006,1,1,2006-08-13,2006-08-13T02:00:00Z,SEA,DAL,13,3
2006,1,1,2006-08-13,2006-08-13T02:00:00Z,SD,GB,3,17
2006,1,1,2006-08-14,2006-08-14T00:00:00Z,CIN,WSH,3,19
2006,1,1,2006-08-15,2006-08-15T00:00:00Z,MIN,OAK,16,13
2006,1,2,2006-08-18,2006-08-18T00:00:00Z,NYG,KC,0,17
2006,1,2,2006-08-18,2006-08-18T00:00:00Z,BAL,PHI,10,20
2006,1,2,2006-08-18,2006-08-18T23:00:00Z,BUF,CIN,44,31
2006,1,2,2006-08-18,2006-08-18T23:30:00Z,CLE,DET,16,20
2006,1,2,2006-08-19,2006-08-19T00:00:00Z,CHI,SD,3,24
2006,1,2,2006-08-19,2006-08-19T23:30:00Z,JAX,CAR,17,10
2006,1,2,2006-08-19,2006-08-19T23:30:00Z,TB,MIA,13,10
2006,1,2,2006-08-20,2006-08-20T00:00:00Z,NE,ARI,3,30
2006,1,2,2006-08-20,2006-08-20T00:00:00Z,GB,ATL,10,38
2006,1,2,2006-08-20,2006-08-20T00:00:00Z,STL,HOU,27,20
2006,1,2,2006-08-20,2006-08-20T00:00:00Z,PIT,MIN,17,10
2006,1,2,2006-08-20,2006-08-20T00:00:00Z,WSH,NYJ,27,14
2006,1,2,2006-08-20,2006-08-20T01:00:00Z,DEN,TEN,10,35
2006,1,2,2006-08-21,2006-08-21T00:00:00Z,IND,SEA,30,17
2006,1,2,2006-08-21,2006-08-21T00:00:00Z,OAK,SF,7,23
2006,1,2,2006-08-22,2006-08-22T00:00:00Z,NO,DAL,30,7
2006,1,3,2006-08-25,2006-08-25T00:00:00Z,CAR,MIA,10,19
2006,1,3,2006-08-26,2006-08-26T00:00:00Z,CHI,ARI,23,16
2006,1,3,2006-08-26,2006-08-26T00:00:00Z,MIN,BAL,7,30
2006,1,3,2006-08-26,2006-08-26T00:00:00Z,NYJ,NYG,13,7
2006,1,3,2006-08-26,2006-08-26T00:00:00Z,PHI,PIT,7,16
2006,1,3,2006-08-26,2006-08-26T02:00:00Z,OAK,DET,3,21
2006,1,3,2006-08-26,2006-08-26T22:00:00Z,BUF,CLE,20,17
2006,1,3,2006-08-26,2006-08-26T23:00:00Z,NO,IND,27,14
2006,1,3,2006-08-27,2006-08-27T00:00:00Z,TEN,ATL,20,6
2006,1,3,2006-08-27,2006-08-27T00:00:00Z,DAL,SF,7,17
2006,1,3,2006-08-27,2006-08-27T00:00:00Z,JAX,TB,18,29
2006,1,3,2006-08-27,2006-08-27T00:00:00Z,NE,WSH,0,41
2006,1,3,2006-08-27,2006-08-27T00:30:00Z,KC,STL,12,16
2006,1,3,2006-08-27,2006-08-27T03:00:00Z,SD,SEA,20,31
2006,1,3,2006-08-28,2006-08-28T00:00:00Z,DEN,HOU,14,17
2006,1,3,2006-08-29,2006-08-29T00:00:00Z,CIN,GB,17,48
2006,1,4,2006-08-31,2006-08-31T23:30:00Z,DET,BUF,20,13
2006,1,4,2006-08-31,2006-08-31T23:30:00Z,PIT,CAR,15,13
2006,1,4,2006-08-31,2006-08-31T23:30:00Z,ATL,JAX,20,17
2006,1,4,2006-08-31,2006-08-31T23:30:00Z,NYG,NE,23,31
2006,1,4,2006-08-31,2006-08-31T23:30:00Z,MIA,STL,9,29
2006,1,4,2006-09-01,2006-09-01T00:00:00Z,WSH,BAL,17,10
2006,1,4,2006-09-01,2006-09-01T00:00:00Z,CLE,CHI,20,7
2006,1,4,2006-09-01,2006-09-01T00:00:00Z,DAL,MIN,10,10
2006,1,4,2006-09-01,2006-09-01T00:00:00Z,HOU,TB,13,16
2006,1,4,2006-09-01,2006-09-01T00:30:00Z,KC,NO,9,10
2006,1,4,2006-09-01,2006-09-01T01:00:00Z,ARI,DEN,29,23
2006,1,4,2006-09-01,2006-09-01T02:00:00Z,SEA,OAK,7,30
2006,1,4,2006-09-01,2006-09-01T20:00:00Z,GB,TEN,35,21
2006,1,4,2006-09-01,2006-09-01T23:00:00Z,IND,CIN,20,3
2006,1,4,2006-09-01,2006-09-01T23:00:00Z,NYJ,PHI,17,20
2006,1,4,2006-09-02,2006-09-02T02:00:00Z,SF,SD,14,23
2006,2,1,2006-09-08,2006-09-08T00:30:00Z,PIT,MIA,17,28
2006,2,1,2006-09-10,2006-09-10T17:00:00Z,CAR,ATL,20,6
2006,2,1,2006-09-10,2006-09-10T17:00:00Z,TB,BAL,27,0
2006,2,1,2006-09-10,2006-09-10T17:00:00Z,NE,BUF,17,19
2006,2,1,2006-09-10,2006-09-10T17:00:00Z,KC,CIN,23,10
2006,2,1,2006-09-10,2006-09-10T17:00:00Z,STL,DEN,10,18
2006,2,1,2006-09-10,2006-09-10T17:00:00Z,CLE,NO,19,14
2006,2,1,2006-09-10,2006-09-10T17:00:00Z,TEN,NYJ,23,16
2006,2,1,2006-09-10,2006-09-10T17:00:00Z,HOU,PHI,24,10
2006,2,1,2006-09-10,2006-09-10T17:00:00Z,DET,SEA,9,6
2006,2,1,2006-09-10,2006-09-10T20:15:00Z,GB,CHI,26,0
2006,2,1,2006-09-10,2006-09-10T20:15:00Z,JAX,DAL,17,24
2006,2,1,2006-09-10,2006-09-10T20:15:00Z,ARI,SF,27,34
2006,2,1,2006-09-11,2006-09-11T00:15:00Z,NYG,IND,26,21
2006,2,1,2006-09-11,2006-09-11T23:00:00Z,WSH,MIN,19,16
2006,2,1,2006-09-12,2006-09-12T02:15:00Z,OAK,SD,27,0
2006,2,2,2006-09-17,2006-09-17T17:00:00Z,MIA,BUF,16,6
2006,2,2,2006-09-17,2006-09-17T17:00:00Z,MIN,CAR,13,16
2006,2,2,2006-09-17,2006-09-17T17:00:00Z,CIN,CLE,17,34
2006,2,2,2006-09-17,2006-09-17T17:00:00Z,CHI,DET,7,34
2006,2,2,2006-09-17,2006-09-17T17:00:00Z,IND,HOU,24,43
2006,2,2,2006-09-17,2006-09-17T17:00:00Z,GB,NO,34,27
2006,2,2,2006-09-17,2006-09-17T17:00:00Z,PHI,NYG,30,24
2006,2,2,2006-09-17,2006-09-17T17:00:00Z,BAL,OAK,6,28
2006,2,2,2006-09-17,2006-09-17T17:00:00Z,ATL,TB,3,14
2006,2,2,2006-09-17,2006-09-17T20:05:00Z,SEA,ARI,10,21
2006,2,2,2006-09-17,2006-09-17T20:05:00Z,SF,STL,13,20
2006,2,2,2006-09-17,2006-09-17T20:15:00Z,DEN,KC,6,9
2006,2,2,2006-09-17,2006-09-17T20:15:00Z,NYJ,NE,24,17
2006,2,2,2006-09-17,2006-09-17T20:15:00Z,SD,TEN,7,40
2006,2,2,2006-09-18,2006-09-18T00:15:00Z,DAL,WSH,10,27
2006,2,2,2006-09-19,2006-09-19T00:30:00Z,JAX,PIT,0,9
2006,2,3,2006-09-24,2006-09-24T17:00:00Z,TB,CAR,26,24
2006,2,3,2006-09-24,2006-09-24T17:00:00Z,MIN,CHI,19,16
2006,2,3,2006-09-24,2006-09-24T17:00:00Z,PIT,CIN,28,20
2006,2,3,2006-09-24,2006-09-24T17:00:00Z,DET,GB,31,24
2006,2,3,2006-09-24,2006-09-24T17:00:00Z,IND,JAX,14,21
2006,2,3,2006-09-24,2006-09-24T17:00:00Z,BUF,NYJ,28,20
2006,2,3,2006-09-24,2006-09-24T17:00:00Z,MIA,TEN,10,13
2006,2,3,2006-09-24,2006-09-24T17:00:00Z,HOU,WSH,31,15
2006,2,3,2006-09-24,2006-09-24T20:05:00Z,CLE,BAL,15,14
2006,2,3,2006-09-24,2006-09-24T20:15:00Z,SEA,NYG,30,42
2006,2,3,2006-09-24,2006-09-24T20:15:00Z,SF,PHI,38,24
2006,2,3,2006-09-24,2006-09-24T20:15:00Z,ARI,STL,16,14
2006,2,3,2006-09-25,2006-09-25T00:15:00Z,NE,DEN,17,7
2006,2,3,2006-09-26,2006-09-26T00:30:00Z,NO,ATL,3,23
2006,2,4,2006-10-01,2006-10-01T17:00:00Z,ATL,ARI,10,32
2006,2,4,2006-10-01,2006-10-01T17:00:00Z,TEN,DAL,45,14
2006,2,4,2006-10-01,2006-10-01T17:00:00Z,NYJ,IND,31,28
2006,2,4,2006-10-01,2006-10-01T17:00:00Z,HOU,MIA,15,17
2006,2,4,2006-10-01,2006-10-01T17:00:00Z,BUF,MIN,12,17
2006,2,4,2006-10-01,2006-10-01T17:00:00Z,CAR,NO,18,21
2006,2,4,2006-10-01,2006-10-01T17:00:00Z,BAL,SD,13,16
2006,2,4,2006-10-01,2006-10-01T17:00:00Z,KC,SF,0,41
2006,2,4,2006-10-01,2006-10-01T20:05:00Z,STL,DET,34,41
2006,2,4,2006-10-01,2006-10-01T20:15:00Z,OAK,CLE,24,21
2006,2,4,2006-10-01,2006-10-01T20:15:00Z,WSH,JAX,30,36
2006,2,4,2006-10-01,2006-10-01T20:15:00Z,CIN,NE,38,13
2006,2,4,2006-10-02,2006-10-02T00:15:00Z,CHI,SEA,6,37
2006,2,4,2006-10-03,2006-10-03T00:30:00Z,PHI,GB,9,31
2006,2,5,2006-10-08,2006-10-08T17:00:00Z,CHI,BUF,7,40
2006,2,5,2006-10-08,2006-10-08T17:00:00Z,CAR,CLE,12,20
2006,2,5,2006-10-08,2006-10-08T17:00:00Z,MIN,DET,17,26
2006,2,5,2006-10-08,2006-10-08T17:00:00Z,NE,MIA,10,20
2006,2,5,2006-10-08,2006-10-08T17:00:00Z,GB,STL,23,20
2006,2,5,2006-10-08,2006-10-08T17:00:00Z,NO,TB,21,24
2006,2,5,2006-10-08,2006-10-08T17:00:00Z,IND,TEN,13,14
2006,2,5,2006-10-08,2006-10-08T17:00:00Z,NYG,WSH,3,19
2006,2,5,2006-10-08,2006-10-08T20:05:00Z,ARI,KC,23,20
2006,2,5,2006-10-08,2006-10-08T20:05:00Z,JAX,NYJ,0,41
2006,2,5,2006-10-08,2006-10-08T20:05:00Z,SF,OAK,20,34
2006,2,5,2006-10-08,2006-10-08T20:15:00Z,PHI,DAL,24,38
2006,2,5,2006-10-09,2006-10-09T00:15:00Z,SD,PIT,13,23
2006,2,5,2006-10-10,2006-10-10T00:30:00Z,DEN,BAL,3,13
2006,2,6,2006-10-15,2006-10-15T17:00:00Z,DET,BUF,17,20
2006,2,6,2006-10-15,2006-10-15T17:00:00Z,BAL,CAR,23,21
2006,2,6,2006-10-15,2006-10-15T17:00:00Z,TB,CIN,13,14
2006,2,6,2006-10-15,2006-10-15T17:00:00Z,DAL,HOU,6,34
2006,2,6,2006-10-15,2006-10-15T17:00:00Z,ATL,NYG,27,14
2006,2,6,2006-10-15,2006-10-15T17:00:00Z,NO,PHI,24,27
2006,2,6,2006-10-15,2006-10-15T17:00:00Z,STL,SEA,30,28
2006,2,6,2006-10-15,2006-10-15T17:00:00Z,WSH,TEN,25,22
2006,2,6,2006-10-15,2006-10-15T20:15:00Z,PIT,KC,7,45
2006,2,6,2006-10-15,2006-10-15T20:15:00Z,NYJ,MIA,17,20
2006,2,6,2006-10-15,2006-10-15T20:15:00Z,SF,SD,48,19
2006,2,6,2006-10-16,2006-10-16T00:15:00Z,DEN,OAK,3,13
2006,2,6,2006-10-17,2006-10-17T00:30:00Z,ARI,CHI,24,23
2006,2,7,2006-10-22,2006-10-22T17:00:00Z,CIN,CAR,14,17
2006,2,7,2006-10-22,2006-10-22T17:00:00Z,NYJ,DET,24,31
2006,2,7,2006-10-22,2006-10-22T17:00:00Z,MIA,GB,34,24
2006,2,7,2006-10-22,2006-10-22T17:00:00Z,HOU,JAX,7,27
2006,2,7,2006-10-22,2006-10-22T17:00:00Z,BUF,NE,28,6
2006,2,7,2006-10-22,2006-10-22T17:00:00Z,TB,PHI,21,23
2006,2,7,2006-10-22,2006-10-22T17:00:00Z,ATL,PIT,38,41
2006,2,7,2006-10-22,2006-10-22T17:00:00Z,KC,SD,27,30
2006,2,7,2006-10-22,2006-10-22T20:05:00Z,CLE,DEN,17,7
2006,2,7,2006-10-22,2006-10-22T20:15:00Z,OAK,ARI,9,22
2006,2,7,2006-10-22,2006-10-22T20:15:00Z,SEA,MIN,31,13
2006,2,7,2006-10-22,2006-10-22T20:15:00Z,IND,WSH,22,36
2006,2,7,2006-10-24,2006-10-24T00:30:00Z,DAL,NYG,36,22
2006,2,8,2006-10-29,2006-10-29T18:00:00Z,GB,ARI,14,31
2006,2,8,2006-10-29,2006-10-29T18:00:00Z,CIN,ATL,29,27
2006,2,8,2006-10-29,2006-10-29T18:00:00Z,NO,BAL,35,22
2006,2,8,2006-10-29,2006-10-29T18:00:00Z,TEN,HOU,22,28
2006,2,8,2006-10-29,2006-10-29T18:00:00Z,PHI,JAX,13,6
2006,2,8,2006-10-29,2006-10-29T18:00:00Z,KC,SEA,28,35
2006,2,8,2006-10-29,2006-10-29T18:00:00Z,CHI,SF,10,41
2006,2,8,2006-10-29,2006-10-29T18:00:00Z,NYG,TB,3,17
2006,2,8,2006-10-29,2006-10-29T21:05:00Z,SD,STL,24,38
2006,2,8,2006-10-29,2006-10-29T21:15:00Z,DEN,IND,34,31
2006,2,8,2006-10-29,2006-10-29T21:15:00Z,CLE,NYJ,13,20
2006,2,8,2006-10-29,2006-10-29T21:15:00Z,OAK,PIT,13,20
2006,2,8,2006-10-30,2006-10-30T01:15:00Z,CAR,DAL,35,14
2006,2,8,2006-10-31,2006-10-31T01:30:00Z,MIN,NE,31,7
2006,2,9,2006-11-05,2006-11-05T18:00:00Z,DET,ATL,14,30
2006,2,9,2006-11-05,2006-11-05T18:00:00Z,BAL,CIN,20,26
2006,2,9,2006-11-05,2006-11-05T18:00:00Z,WSH,DAL,19,22
2006,2,9,2006-11-05,2006-11-05T18:00:00Z,BUF,GB,10,24
2006,2,9,2006-11-05,2006-11-05T18:00:00Z,NYG,HOU,10,14
2006,2,9,2006-11-05,2006-11-05T18:00:00Z,STL,KC,31,17
2006,2,9,2006-11-05,2006-11-05T18:00:00Z,CHI,MIA,31,13
2006,2,9,2006-11-05,2006-11-05T18:00:00Z,TB,NO,31,14
2006,2,9,2006-11-05,2006-11-05T18:00:00Z,JAX,TEN,7,37
2006,2,9,2006-11-05,2006-11-05T21:05:00Z,SF,MIN,3,9
2006,2,9,2006-11-05,2006-11-05T21:15:00Z,SD,CLE,25,32
2006,2,9,2006-11-05,2006-11-05T21:15:00Z,PIT,DEN,31,20
2006,2,9,2006-11-06,2006-11-06T01:15:00Z,NE,IND,27,20
2006,2,9,2006-11-07,2006-11-07T01:30:00Z,SEA,OAK,0,16
2006,2,10,2006-11-12,2006-11-12T18:00:00Z,TEN,BAL,27,26
2006,2,10,2006-11-12,2006-11-12T18:00:00Z,IND,BUF,16,17
2006,2,10,2006-11-12,2006-11-12T18:00:00Z,ATL,CLE,17,13
2006,2,10,2006-11-12,2006-11-12T18:00:00Z,MIN,GB,23,17
2006,2,10,2006-11-12,2006-11-12T18:00:00Z,JAX,HOU,13,10
2006,2,10,2006-11-12,2006-11-12T18:00:00Z,MIA,KC,10,13
2006,2,10,2006-11-12,2006-11-12T18:00:00Z,NE,NYJ,17,14
2006,2,10,2006-11-12,2006-11-12T18:00:00Z,CIN,SD,49,41
2006,2,10,2006-11-12,2006-11-12T18:00:00Z,DET,SF,19,13
2006,2,10,2006-11-12,2006-11-12T18:00:00Z,PHI,WSH,3,27
2006,2,10,2006-11-12,2006-11-12T21:05:00Z,OAK,DEN,17,13
2006,2,10,2006-11-12,2006-11-12T21:15:00Z,ARI,DAL,27,10
2006,2,10,2006-11-12,2006-11-12T21:15:00Z,PIT,NO,31,38
2006,2,10,2006-11-12,2006-11-12T21:15:00Z,SEA,STL,22,24
2006,2,10,2006-11-13,2006-11-13T01:15:00Z,NYG,CHI,38,20
2006,2,10,2006-11-14,2006-11-14T01:30:00Z,CAR,TB,10,24
2006,2,11,2006-11-19,2006-11-19T18:00:00Z,BAL,ATL,10,24
2006,2,11,2006-11-19,2006-11-19T18:00:00Z,HOU,BUF,24,21
2006,2,11,2006-11-19,2006-11-19T18:00:00Z,NYJ,CHI,10,0
2006,2,11,2006-11-19,2006-11-19T18:00:00Z,NO,CIN,31,16
2006,2,11,2006-11-19,2006-11-19T18:00:00Z,MIA,MIN,20,24
2006,2,11,2006-11-19,2006-11-19T18:00:00Z,GB,NE,35,0
2006,2,11,2006-11-19,2006-11-19T18:00:00Z,KC,OAK,13,17
2006,2,11,2006-11-19,2006-11-19T18:00:00Z,CLE,PIT,24,20
2006,2,11,2006-11-19,2006-11-19T18:00:00Z,CAR,STL,0,15
2006,2,11,2006-11-19,2006-11-19T18:00:00Z,PHI,TEN,31,13
2006,2,11,2006-11-19,2006-11-19T18:00:00Z,TB,WSH,17,20
2006,2,11,2006-11-19,2006-11-19T21:05:00Z,ARI,DET,10,17
2006,2,11,2006-11-19,2006-11-19T21:05:00Z,SF,SEA,14,20
2006,2,11,2006-11-19,2006-11-19T21:15:00Z,DAL,IND,14,21
2006,2,11,2006-11-20,2006-11-20T01:15:00Z,DEN,SD,35,27
2006,2,11,2006-11-21,2006-11-21T01:30:00Z,JAX,NYG,10,26
2006,2,12,2006-11-23,2006-11-23T17:30:00Z,DET,MIA,27,10
2006,2,12,2006-11-23,2006-11-23T21:15:00Z,DAL,TB,10,38
2006,2,12,2006-11-24,2006-11-24T01:00:00Z,KC,DEN,10,19
2006,2,12,2006-11-26,2006-11-26T18:00:00Z,MIN,ARI,26,31
2006,2,12,2006-11-26,2006-11-26T18:00:00Z,WSH,CAR,13,17
2006,2,12,2006-11-26,2006-11-26T18:00:00Z,CLE,CIN,30,0
2006,2,12,2006-11-26,2006-11-26T18:00:00Z,NYJ,HOU,11,26
2006,2,12,2006-11-26,2006-11-26T18:00:00Z,BUF,JAX,24,27
2006,2,12,2006-11-26,2006-11-26T18:00:00Z,ATL,NO,31,13
2006,2,12,2006-11-26,2006-11-26T18:00:00Z,BAL,PIT,0,27
2006,2,12,2006-11-26,2006-11-26T18:00:00Z,STL,SF,17,20
2006,2,12,2006-11-26,2006-11-26T21:05:00Z,SD,OAK,14,21
2006,2,12,2006-11-26,2006-11-26T21:15:00Z,NE,CHI,13,17
2006,2,12,2006-11-26,2006-11-26T21:15:00Z,TEN,NYG,21,24
2006,2,12,2006-11-27,2006-11-27T01:15:00Z,IND,PHI,21,45
2006,2,12,2006-11-28,2006-11-28T01:30:00Z,SEA,GB,24,34
2006,2,13,2006-12-01,2006-12-01T01:00:00Z,CIN,BAL,7,13
2006,2,13,2006-12-03,2006-12-03T18:00:00Z,STL,ARI,34,20
2006,2,13,2006-12-03,2006-12-03T18:00:00Z,WSH,ATL,24,14
2006,2,13,2006-12-03,2006-12-03T18:00:00Z,NE,DET,21,28
2006,2,13,2006-12-03,2006-12-03T18:00:00Z,TEN,IND,17,20
2006,2,13,2006-12-03,2006-12-03T18:00:00Z,CLE,KC,28,31
2006,2,13,2006-12-03,2006-12-03T18:00:00Z,CHI,MIN,13,23
2006,2,13,2006-12-03,2006-12-03T18:00:00Z,GB,NYJ,38,10
2006,2,13,2006-12-03,2006-12-03T18:00:00Z,BUF,SD,24,21
2006,2,13,2006-12-03,2006-12-03T18:00:00Z,NO,SF,10,34
2006,2,13,2006-12-03,2006-12-03T21:00:00Z,NYG,DAL,23,20
2006,2,13,2006-12-03,2006-12-03T21:05:00Z,OAK,HOU,23,14
2006,2,13,2006-12-03,2006-12-03T21:05:00Z,MIA,JAX,24,10
2006,2,13,2006-12-03,2006-12-03T21:15:00Z,PIT,TB,3,20
2006,2,13,2006-12-04,2006-12-04T01:15:00Z,DEN,SEA,23,20
2006,2,13,2006-12-05,2006-12-05T01:30:00Z,PHI,CAR,24,27
2006,2,14,2006-12-08,2006-12-08T01:00:00Z,PIT,CLE,7,27
2006,2,14,2006-12-10,2006-12-10T18:00:00Z,TB,ATL,17,6
2006,2,14,2006-12-10,2006-12-10T18:00:00Z,KC,BAL,20,10
2006,2,14,2006-12-10,2006-12-10T18:00:00Z,JAX,IND,17,44
2006,2,14,2006-12-10,2006-12-10T18:00:00Z,DET,MIN,30,20
2006,2,14,2006-12-10,2006-12-10T18:00:00Z,MIA,NE,0,21
2006,2,14,2006-12-10,2006-12-10T18:00:00Z,CAR,NYG,27,13
2006,2,14,2006-12-10,2006-12-10T18:00:00Z,CIN,OAK,10,27
2006,2,14,2006-12-10,2006-12-10T18:00:00Z,WSH,PHI,21,19
2006,2,14,2006-12-10,2006-12-10T18:00:00Z,HOU,TEN,26,20
2006,2,14,2006-12-10,2006-12-10T21:05:00Z,SF,GB,30,19
2006,2,14,2006-12-10,2006-12-10T21:05:00Z,ARI,SEA,21,27
2006,2,14,2006-12-10,2006-12-10T21:15:00Z,NYJ,BUF,31,13
2006,2,14,2006-12-10,2006-12-10T21:15:00Z,SD,DEN,20,48
2006,2,14,2006-12-11,2006-12-11T01:15:00Z,DAL,NO,42,17
2006,2,14,2006-12-12,2006-12-12T01:30:00Z,STL,CHI,42,27
2006,2,15,2006-12-15,2006-12-15T01:00:00Z,SEA,SF,24,14
2006,2,15,2006-12-17,2006-12-17T01:00:00Z,ATL,DAL,38,28
2006,2,15,2006-12-17,2006-12-17T18:00:00Z,BAL,CLE,17,27
2006,2,15,2006-12-17,2006-12-17T18:00:00Z,GB,DET,9,17
2006,2,15,2006-12-17,2006-12-17T18:00:00Z,NE,HOU,7,40
2006,2,15,2006-12-17,2006-12-17T18:00:00Z,TEN,JAX,17,24
2006,2,15,2006-12-17,2006-12-17T18:00:00Z,BUF,MIA,0,21
2006,2,15,2006-12-17,2006-12-17T18:00:00Z,MIN,NYJ,26,13
2006,2,15,2006-12-17,2006-12-17T18:00:00Z,CAR,PIT,37,3
2006,2,15,2006-12-17,2006-12-17T18:00:00Z,CHI,TB,31,34
2006,2,15,2006-12-17,2006-12-17T18:00:00Z,NO,WSH,16,10
2006,2,15,2006-12-17,2006-12-17T21:05:00Z,ARI,DEN,37,20
2006,2,15,2006-12-17,2006-12-17T21:15:00Z,NYG,PHI,36,22
2006,2,15,2006-12-17,2006-12-17T21:15:00Z,OAK,STL,20,0
2006,2,15,2006-12-18,2006-12-18T01:05:00Z,SD,KC,9,20
2006,2,15,2006-12-19,2006-12-19T01:30:00Z,IND,CIN,16,34
2006,2,16,2006-12-22,2006-12-22T01:00:00Z,GB,MIN,7,9
2006,2,16,2006-12-24,2006-12-24T01:00:00Z,OAK,KC,20,9
2006,2,16,2006-12-24,2006-12-24T18:00:00Z,PIT,BAL,31,7
2006,2,16,2006-12-24,2006-12-24T18:00:00Z,ATL,CAR,10,3
2006,2,16,2006-12-24,2006-12-24T18:00:00Z,DET,CHI,26,21
2006,2,16,2006-12-24,2006-12-24T18:00:00Z,HOU,IND,24,27
2006,2,16,2006-12-24,2006-12-24T18:00:00Z,JAX,NE,24,21
2006,2,16,2006-12-24,2006-12-24T18:00:00Z,NYG,NO,30,7
2006,2,16,2006-12-24,2006-12-24T18:00:00Z,CLE,TB,22,7
2006,2,16,2006-12-24,2006-12-24T18:00:00Z,BUF,TEN,30,29
2006,2,16,2006-12-24,2006-12-24T18:00:00Z,STL,WSH,31,37
2006,2,16,2006-12-24,2006-12-24T21:05:00Z,SF,ARI,26,20
2006,2,16,2006-12-24,2006-12-24T21:15:00Z,DEN,CIN,23,24
2006,2,16,2006-12-24,2006-12-24T21:15:00Z,SEA,SD,20,17
2006,2,16,2006-12-25,2006-12-25T22:00:00Z,DAL,PHI,23,7
2006,2,16,2006-12-26,2006-12-26T01:30:00Z,MIA,NYJ,13,10
2006,2,17,2006-12-31,2006-12-31T01:00:00Z,WSH,NYG,34,28
2006,2,17,2006-12-31,2006-12-31T18:00:00Z,NO,CAR,31,21
2006,2,17,2006-12-31,2006-12-31T18:00:00Z,HOU,CLE,6,14
2006,2,17,2006-12-31,2006-12-31T18:00:00Z,DAL,DET,39,31
2006,2,17,2006-12-31,2006-12-31T18:00:00Z,KC,JAX,30,35
2006,2,17,2006-12-31,2006-12-31T18:00:00Z,TEN,NE,40,23
2006,2,17,2006-12-31,2006-12-31T18:00:00Z,NYJ,OAK,3,23
2006,2,17,2006-12-31,2006-12-31T18:00:00Z,CIN,PIT,23,17
2006,2,17,2006-12-31,2006-12-31T18:00:00Z,TB,SEA,23,7
2006,2,17,2006-12-31,2006-12-31T18:00:00Z,MIN,STL,41,21
2006,2,17,2006-12-31,2006-12-31T21:15:00Z,SD,ARI,20,27
2006,2,17,2006-12-31,2006-12-31T21:15:00Z,PHI,ATL,17,24
2006,2,17,2006-12-31,2006-12-31T21:15:00Z,BAL,BUF,7,19
2006,2,17,2006-12-31,2006-12-31T21:15:00Z,IND,MIA,22,27
2006,2,17,2006-12-31,2006-12-31T21:15:00Z,DEN,SF,26,23
2006,2,17,2007-01-01,2007-01-01T01:15:00Z,CHI,GB,26,7
2006,3,1,2007-01-06,2007-01-06T21:30:00Z,IND,KC,8,23
2006,3,1,2007-01-07,2007-01-07T01:00:00Z,SEA,DAL,20,21
2006,3,1,2007-01-07,2007-01-07T18:00:00Z,NE,NYJ,16,37
2006,3,1,2007-01-07,2007-01-07T21:30:00Z,PHI,NYG,20,23
2006,3,2,2007-01-13,2007-01-13T21:30:00Z,BAL,IND,15,6
2006,3,2,2007-01-14,2007-01-14T01:00:00Z,NO,PHI,24,27
2006,3,2,2007-01-14,2007-01-14T18:00:00Z,CHI,SEA,24,27
2006,3,2,2007-01-14,2007-01-14T21:30:00Z,SD,NE,24,21
2006,3,3,2007-01-21,2007-01-21T20:00:00Z,CHI,NO,14,39
2006,3,3,2007-01-21,2007-01-21T23:30:00Z,IND,NE,34,38
2006,3,4,2007-02-04,2007-02-04T23:00:00Z,CHI,IND,29,17
2006,3,5,2007-02-10,2007-02-10T23:00:00Z,AFC,NFC,28,31
2007,1,1,2007-08-09,2007-08-09T23:30:00Z,DET,CIN,26,27
2007,1,1,2007-08-10,2007-08-10T00:00:00Z,DAL,IND,10,23
2007,1,1,2007-08-10,2007-08-10T23:00:00Z,NYJ,ATL,16,31
2007,1,1,2007-08-10,2007-08-10T23:30:00Z,TB,NE,10,13
2007,1,1,2007-08-11,2007-08-11T00:00:00Z,NO,BUF,13,10
2007,1,1,2007-08-11,2007-08-11T00:00:00Z,MIN,STL,13,10
2007,1,1,2007-08-11,2007-08-11T23:30:00Z,PIT,GB,13,9
2007,1,1,2007-08-11,2007-08-11T23:30:00Z,MIA,JAX,17,18
2007,1,1,2007-08-11,2007-08-11T23:30:00Z,CLE,KC,12,16
2007,1,1,2007-08-12,2007-08-12T00:00:00Z,NYG,CAR,24,21
2007,1,1,2007-08-12,2007-08-12T00:00:00Z,HOU,CHI,20,19
2007,1,1,2007-08-12,2007-08-12T00:00:00Z,TEN,WSH,14,6
2007,1,1,2007-08-12,2007-08-12T02:00:00Z,OAK,ARI,23,27
2007,1,1,2007-08-13,2007-08-13T00:00:00Z,SD,SEA,24,16
2007,1,1,2007-08-13,2007-08-13T23:00:00Z,BAL,PHI,3,29
2007,1,1,2007-08-14,2007-08-14T00:00:00Z,SF,DEN,17,13
2007,1,2,2007-08-17,2007-08-17T00:00:00Z,KC,MIA,11,10
2007,1,2,2007-08-17,2007-08-17T23:00:00Z,BUF,ATL,13,10
2007,1,2,2007-08-17,2007-08-17T23:00:00Z,PHI,CAR,10,27
2007,1,2,2007-08-18,2007-08-18T00:00:00Z,NYJ,MIN,37,20
2007,1,2,2007-08-18,2007-08-18T00:00:00Z,NE,TEN,27,24
2007,1,2,2007-08-18,2007-08-18T20:00:00Z,ARI,HOU,33,20
2007,1,2,2007-08-18,2007-08-18T23:00:00Z,CLE,DET,23,20
2007,1,2,2007-08-18,2007-08-18T23:30:00Z,CIN,NO,27,19
2007,1,2,2007-08-18,2007-08-18T23:30:00Z,JAX,TB,19,31
2007,1,2,2007-08-19,2007-08-19T00:00:00Z,DAL,DEN,20,31
2007,1,2,2007-08-19,2007-08-19T00:00:00Z,WSH,PIT,12,10
2007,1,2,2007-08-19,2007-08-19T00:00:00Z,STL,SD,30,13
2007,1,2,2007-08-19,2007-08-19T00:00:00Z,GB,SEA,13,48
2007,1,2,2007-08-19,2007-08-19T02:00:00Z,SF,OAK,21,26
2007,1,2,2007-08-20,2007-08-20T00:00:00Z,BAL,NYG,13,12
2007,1,2,2007-08-21,2007-08-21T00:00:00Z,IND,CHI,27,24
2007,1,3,2007-08-24,2007-08-24T00:00:00Z,GB,JAX,21,13
2007,1,3,2007-08-24,2007-08-24T00:30:00Z,KC,NO,30,7
2007,1,3,2007-08-24,2007-08-24T23:00:00Z,BUF,TEN,28,17
2007,1,3,2007-08-25,2007-08-25T00:00:00Z,CAR,NE,24,7
2007,1,3,2007-08-25,2007-08-25T02:00:00Z,OAK,STL,10,20
2007,1,3,2007-08-25,2007-08-25T23:00:00Z,IND,DET,10,37
2007,1,3,2007-08-25,2007-08-25T23:30:00Z,MIA,TB,31,28
2007,1,3,2007-08-26,2007-08-26T00:00:00Z,WSH,BAL,7,13
2007,1,3,2007-08-26,2007-08-26T00:00:00Z,HOU,DAL,16,28
2007,1,3,2007-08-26,2007-08-26T00:00:00Z,NYG,NYJ,20,12
2007,1,3,2007-08-26,2007-08-26T00:00:00Z,CHI,SF,28,31
2007,1,3,2007-08-26,2007-08-26T01:00:00Z,DEN,CLE,17,16
2007,1,3,2007-08-26,2007-08-26T01:00:00Z,SEA,MIN,13,30
2007,1,3,2007-08-26,2007-08-26T02:00:00Z,ARI,SD,33,31
2007,1,3,2007-08-27,2007-08-27T00:00:00Z,PIT,PHI,13,27
2007,1,3,2007-08-28,2007-08-28T00:00:00Z,ATL,CIN,19,24
2007,1,4,2007-08-30,2007-08-30T23:00:00Z,DET,BUF,16,13
2007,1,4,2007-08-30,2007-08-30T23:30:00Z,NE,NYG,20,27
2007,1,4,2007-08-30,2007-08-30T23:30:00Z,PHI,NYJ,13,11
2007,1,4,2007-08-30,2007-08-30T23:30:00Z,JAX,WSH,14,31
2007,1,4,2007-08-31,2007-08-31T00:00:00Z,CHI,CLE,19,9
2007,1,4,2007-08-31,2007-08-31T00:00:00Z,MIN,DAL,14,23
2007,1,4,2007-08-31,2007-08-31T00:00:00Z,TEN,GB,14,30
2007,1,4,2007-08-31,2007-08-31T00:00:00Z,TB,HOU,24,31
2007,1,4,2007-08-31,2007-08-31T00:00:00Z,STL,KC,3,10
2007,1,4,2007-08-31,2007-08-31T00:00:00Z,NO,MIA,0,7
2007,1,4,2007-08-31,2007-08-31T00:00:00Z,CAR,PIT,19,3
2007,1,4,2007-08-31,2007-08-31T01:00:00Z,DEN,ARI,3,21
2007,1,4,2007-08-31,2007-08-31T02:00:00Z,SEA,OAK,14,19
2007,1,4,2007-08-31,2007-08-31T02:00:00Z,SD,SF,13,16
2007,1,4,2007-08-31,2007-08-31T23:30:00Z,ATL,BAL,10,13
2007,1,4,2007-08-31,2007-08-31T23:30:00Z,CIN,IND,6,14
2007,2,1,2007-09-07,2007-09-07T00:30:00Z,IND,NO,10,41
2007,2,1,2007-09-09,2007-09-09T17:00:00Z,MIN,ATL,3,24
2007,2,1,2007-09-09,2007-09-09T17:00:00Z,STL,CAR,27,13
2007,2,1,2007-09-09,2007-09-09T17:00:00Z,BUF,DEN,15,14
2007,2,1,2007-09-09,2007-09-09T17:00:00Z,HOU,KC,3,20
2007,2,1,2007-09-09,2007-09-09T17:00:00Z,WSH,MIA,13,16
2007,2,1,2007-09-09,2007-09-09T17:00:00Z,NYJ,NE,38,14
2007,2,1,2007-09-09,2007-09-09T17:00:00Z,GB,PHI,13,16
2007,2,1,2007-09-09,2007-09-09T17:00:00Z,CLE,PIT,34,7
2007,2,1,2007-09-09,2007-09-09T17:00:00Z,JAX,TEN,13,10
2007,2,1,2007-09-09,2007-09-09T20:15:00Z,SD,CHI,3,14
2007,2,1,2007-09-09,2007-09-09T20:15:00Z,OAK,DET,36,21
2007,2,1,2007-09-09,2007-09-09T20:15:00Z,SEA,TB,6,20
2007,2,1,2007-09-10,2007-09-10T00:15:00Z,DAL,NYG,35,45
2007,2,1,2007-09-10,2007-09-10T23:00:00Z,CIN,BAL,20,27
2007,2,1,2007-09-11,2007-09-11T02:15:00Z,SF,ARI,17,20
2007,2,2,2007-09-16,2007-09-16T17:00:00Z,JAX,ATL,7,13
2007,2,2,2007-09-16,2007-09-16T17:00:00Z,PIT,BUF,3,26
2007,2,2,2007-09-16,2007-09-16T17:00:00Z,CLE,CIN,45,51
2007,2,2,2007-09-16,2007-09-16T17:00:00Z,NYG,GB,35,13
2007,2,2,2007-09-16,2007-09-16T17:00:00Z,CAR,HOU,34,21
2007,2,2,2007-09-16,2007-09-16T17:00:00Z,TEN,IND,22,20
2007,2,2,2007-09-16,2007-09-16T17:00:00Z,TB,NO,14,31
2007,2,2,2007-09-16,2007-09-16T17:00:00Z,STL,SF,17,16
2007,2,2,2007-09-16,2007-09-16T20:05:00Z,MIA,DAL,37,20
2007,2,2,2007-09-16,2007-09-16T20:05:00Z,DET,MIN,17,20
2007,2,2,2007-09-16,2007-09-16T20:05:00Z,ARI,SEA,20,23
2007,2,2,2007-09-16,2007-09-16T20:15:00Z,CHI,KC,10,20
2007,2,2,2007-09-16,2007-09-16T20:15:00Z,BAL,NYJ,13,20
2007,2,2,2007-09-16,2007-09-16T20:15:00Z,DEN,OAK,20,23
2007,2,2,2007-09-17,2007-09-17T00:15:00Z,NE,SD,14,38
2007,2,2,2007-09-18,2007-09-18T00:30:00Z,PHI,WSH,20,12
2007,2,3,2007-09-23,2007-09-23T17:00:00Z,BAL,ARI,23,26
2007,2,3,2007-09-23,2007-09-23T17:00:00Z,NE,BUF,7,38
2007,2,3,2007-09-23,2007-09-23T17:00:00Z,PHI,DET,21,56
2007,2,3,2007-09-23,2007-09-23T17:00:00Z,HOU,IND,30,24
2007,2,3,2007-09-23,2007-09-23T17:00:00Z,NYJ,MIA,28,31
2007,2,3,2007-09-23,2007-09-23T17:00:00Z,KC,MIN,10,13
2007,2,3,2007-09-23,2007-09-23T17:00:00Z,GB,SD,24,31
2007,2,3,2007-09-23,2007-09-23T17:00:00Z,PIT,SF,16,37
2007,2,3,2007-09-23,2007-09-23T17:00:00Z,TB,STL,3,24
2007,2,3,2007-09-23,2007-09-23T20:05:00Z,SEA,CIN,21,24
2007,2,3,2007-09-23,2007-09-23T20:05:00Z,OAK,CLE,24,26
2007,2,3,2007-09-23,2007-09-23T20:05:00Z,DEN,JAX,23,14
2007,2,3,2007-09-23,2007-09-23T20:15:00Z,ATL,CAR,27,20
2007,2,3,2007-09-23,2007-09-23T20:15:00Z,WSH,NYG,24,17
2007,2,3,2007-09-24,2007-09-24T00:15:00Z,CHI,DAL,34,10
2007,2,3,2007-09-25,2007-09-25T00:30:00Z,NO,TEN,31,14
2007,2,4,2007-09-30,2007-09-30T17:00:00Z,CLE,BAL,13,27
2007,2,4,2007-09-30,2007-09-30T17:00:00Z,DET,CHI,27,37
2007,2,4,2007-09-30,2007-09-30T17:00:00Z,MIN,GB,23,16
2007,2,4,2007-09-30,2007-09-30T17:00:00Z,ATL,HOU,16,26
2007,2,4,2007-09-30,2007-09-30T17:00:00Z,BUF,NYJ,14,17
2007,2,4,2007-09-30,2007-09-30T17:00:00Z,MIA,OAK,35,17
2007,2,4,2007-09-30,2007-09-30T17:00:00Z,DAL,STL,7,35
2007,2,4,2007-09-30,2007-09-30T20:05:00Z,SF,SEA,23,3
2007,2,4,2007-09-30,2007-09-30T20:05:00Z,CAR,TB,20,7
2007,2,4,2007-09-30,2007-09-30T20:15:00Z,IND,DEN,20,38
2007,2,4,2007-09-30,2007-09-30T20:15:00Z,SD,KC,30,16
2007,2,4,2007-09-30,2007-09-30T20:15:00Z,ARI,PIT,14,21
2007,2,4,2007-10-01,2007-10-01T00:15:00Z,NYG,PHI,3,16
2007,2,4,2007-10-02,2007-10-02T00:30:00Z,CIN,NE,34,13
2007,2,5,2007-10-07,2007-10-07T17:00:00Z,STL,ARI,34,31
2007,2,5,2007-10-07,2007-10-07T17:00:00Z,TEN,ATL,13,20
2007,2,5,2007-10-07,2007-10-07T17:00:00Z,NO,CAR,16,13
2007,2,5,2007-10-07,2007-10-07T17:00:00Z,NE,CLE,17,34
2007,2,5,2007-10-07,2007-10-07T17:00:00Z,WSH,DET,3,34
2007,2,5,2007-10-07,2007-10-07T17:00:00Z,KC,JAX,17,7
2007,2,5,2007-10-07,2007-10-07T17:00:00Z,HOU,MIA,19,22
2007,2,5,2007-10-07,2007-10-07T17:00:00Z,NYG,NYJ,24,35
2007,2,5,2007-10-07,2007-10-07T17:00:00Z,PIT,SEA,0,21
2007,2,5,2007-10-07,2007-10-07T20:05:00Z,IND,TB,14,33
2007,2,5,2007-10-07,2007-10-07T20:15:00Z,SF,BAL,9,7
2007,2,5,2007-10-07,2007-10-07T20:15:00Z,DEN,SD,41,3
2007,2,5,2007-10-08,2007-10-08T00:15:00Z,GB,CHI,27,20
2007,2,5,2007-10-09,2007-10-09T00:30:00Z,BUF,DAL,25,24
2007,2,6,2007-10-14,2007-10-14T17:00:00Z,KC,CIN,20,27
2007,2,6,2007-10-14,2007-10-14T17:00:00Z,JAX,HOU,17,37
2007,2,6,2007-10-14,2007-10-14T17:00:00Z,CLE,MIA,31,41
2007,2,6,2007-10-14,2007-10-14T17:00:00Z,CHI,MIN,34,31
2007,2,6,2007-10-14,2007-10-14T17:00:00Z,NYJ,PHI,16,9
2007,2,6,2007-10-14,2007-10-14T17:00:00Z,BAL,STL,3,22
2007,2,6,2007-10-14,2007-10-14T17:00:00Z,TB,TEN,10,13
2007,2,6,2007-10-14,2007-10-14T17:00:00Z,GB,WSH,14,17
2007,2,6,2007-10-14,2007-10-14T20:05:00Z,ARI,CAR,25,10
2007,2,6,2007-10-14,2007-10-14T20:15:00Z,DAL,NE,48,27
2007,2,6,2007-10-14,2007-10-14T20:15:00Z,SD,OAK,14,28
2007,2,6,2007-10-15,2007-10-15T00:15:00Z,SEA,NO,28,17
2007,2,6,2007-10-16,2007-10-16T00:30:00Z,ATL,NYG,31,10
2007,2,7,2007-10-21,2007-10-21T17:00:00Z,WSH,ARI,19,21
2007,2,7,2007-10-21,2007-10-21T17:00:00Z,NO,ATL,16,22
2007,2,7,2007-10-21,2007-10-21T17:00:00Z,BUF,BAL,14,19
2007,2,7,2007-10-21,2007-10-21T17:00:00Z,MIA,NE,49,28
2007,2,7,2007-10-21,2007-10-21T17:00:00Z,NYG,SF,15,33
2007,2,7,2007-10-21,2007-10-21T17:00:00Z,DET,TB,16,23
2007,2,7,2007-10-21,2007-10-21T17:00:00Z,HOU,TEN,38,36
2007,2,7,2007-10-21,2007-10-21T20:05:00Z,OAK,KC,12,10
2007,2,7,2007-10-21,2007-10-21T20:05:00Z,CIN,NYJ,31,38
2007,2,7,2007-10-21,2007-10-21T20:15:00Z,PHI,CHI,19,16
2007,2,7,2007-10-21,2007-10-21T20:15:00Z,DAL,MIN,14,24
2007,2,7,2007-10-21,2007-10-21T20:15:00Z,SEA,STL,6,33
2007,2,7,2007-10-22,2007-10-22T00:15:00Z,DEN,PIT,28,31
2007,2,7,2007-10-23,2007-10-23T00:30:00Z,JAX,IND,29,7
2007,2,8,2007-10-28,2007-10-28T17:00:00Z,STL,CLE,27,20
2007,2,8,2007-10-28,2007-10-28T17:00:00Z,CHI,DET,16,7
2007,2,8,2007-10-28,2007-10-28T17:00:00Z,CAR,IND,31,7
2007,2,8,2007-10-28,2007-10-28T17:00:00Z,MIA,NYG,13,10
2007,2,8,2007-10-28,2007-10-28T17:00:00Z,TEN,OAK,9,13
2007,2,8,2007-10-28,2007-10-28T17:00:00Z,MIN,PHI,23,16
2007,2,8,2007-10-28,2007-10-28T17:00:00Z,CIN,PIT,24,13
2007,2,8,2007-10-28,2007-10-28T20:05:00Z,NYJ,BUF,13,3
2007,2,8,2007-10-28,2007-10-28T20:05:00Z,SD,HOU,10,35
2007,2,8,2007-10-28,2007-10-28T20:05:00Z,TB,JAX,24,23
2007,2,8,2007-10-28,2007-10-28T20:15:00Z,SF,NO,31,10
2007,2,8,2007-10-28,2007-10-28T20:15:00Z,NE,WSH,7,52
2007,2,8,2007-10-30,2007-10-30T00:30:00Z,DEN,GB,19,13
2007,2,9,2007-11-04,2007-11-04T18:00:00Z,TB,ARI,10,17
2007,2,9,2007-11-04,2007-11-04T18:00:00Z,TEN,CAR,7,20
2007,2,9,2007-11-04,2007-11-04T18:00:00Z,BUF,CIN,21,33
2007,2,9,2007-11-04,2007-11-04T18:00:00Z,DET,DEN,7,44
2007,2,9,2007-11-04,2007-11-04T18:00:00Z,KC,GB,33,22
2007,2,9,2007-11-04,2007-11-04T18:00:00Z,NO,JAX,24,41
2007,2,9,2007-11-04,2007-11-04T18:00:00Z,MIN,SD,17,35
2007,2,9,2007-11-04,2007-11-04T18:00:00Z,ATL,SF,16,20
2007,2,9,2007-11-04,2007-11-04T18:00:00Z,NYJ,WSH,23,20
2007,2,9,2007-11-04,2007-11-04T21:05:00Z,CLE,SEA,30,33
2007,2,9,2007-11-04,2007-11-04T21:15:00Z,OAK,HOU,24,17
2007,2,9,2007-11-04,2007-11-04T21:15:00Z,IND,NE,24,20
2007,2,9,2007-11-05,2007-11-05T01:15:00Z,PHI,DAL,38,17
2007,2,9,2007-11-06,2007-11-06T01:30:00Z,PIT,BAL,7,38
2007,2,10,2007-11-11,2007-11-11T18:00:00Z,CAR,ATL,20,13
2007,2,10,2007-11-11,2007-11-11T18:00:00Z,MIA,BUF,13,10
2007,2,10,2007-11-11,2007-11-11T18:00:00Z,PIT,CLE,28,31
2007,2,10,2007-11-11,2007-11-11T18:00:00Z,KC,DEN,27,11
2007,2,10,2007-11-11,2007-11-11T18:00:00Z,TEN,JAX,28,13
2007,2,10,2007-11-11,2007-11-11T18:00:00Z,GB,MIN,0,34
2007,2,10,2007-11-11,2007-11-11T18:00:00Z,WSH,PHI,33,25
2007,2,10,2007-11-11,2007-11-11T18:00:00Z,NO,STL,37,29
2007,2,10,2007-11-11,2007-11-11T21:05:00Z,BAL,CIN,21,7
2007,2,10,2007-11-11,2007-11-11T21:15:00Z,OAK,CHI,17,6
2007,2,10,2007-11-11,2007-11-11T21:15:00Z,NYG,DAL,31,20
2007,2,10,2007-11-11,2007-11-11T21:15:00Z,ARI,DET,21,31
2007,2,10,2007-11-12,2007-11-12T01:15:00Z,SD,IND,21,23
2007,2,10,2007-11-13,2007-11-13T01:30:00Z,SEA,SF,0,24
2007,2,11,2007-11-18,2007-11-18T18:00:00Z,CIN,ARI,35,27
2007,2,11,2007-11-18,2007-11-18T18:00:00Z,GB,CAR,17,31
2007,2,11,2007-11-18,2007-11-18T18:00:00Z,BAL,CLE,33,30
2007,2,11,2007-11-18,2007-11-18T18:00:00Z,IND,KC,10,13
2007,2,11,2007-11-18,2007-11-18T18:00:00Z,PHI,MIA,7,17
2007,2,11,2007-11-18,2007-11-18T18:00:00Z,HOU,NO,10,23
2007,2,11,2007-11-18,2007-11-18T18:00:00Z,DET,NYG,16,10
2007,2,11,2007-11-18,2007-11-18T18:00:00Z,MIN,OAK,22,29
2007,2,11,2007-11-18,2007-11-18T18:00:00Z,JAX,SD,17,24
2007,2,11,2007-11-18,2007-11-18T18:00:00Z,ATL,TB,31,7
2007,2,11,2007-11-18,2007-11-18T21:05:00Z,NYJ,PIT,16,19
2007,2,11,2007-11-18,2007-11-18T21:15:00Z,SEA,CHI,23,30
2007,2,11,2007-11-18,2007-11-18T21:15:00Z,SF,STL,13,9
2007,2,11,2007-11-18,2007-11-18T21:15:00Z,DAL,WSH,23,28
2007,2,11,2007-11-19,2007-11-19T01:15:00Z,BUF,NE,56,10
2007,2,11,2007-11-20,2007-11-20T01:30:00Z,DEN,TEN,20,34
2007,2,12,2007-11-22,2007-11-22T17:30:00Z,DET,GB,37,26
2007,2,12,2007-11-22,2007-11-22T21:15:00Z,DAL,NYJ,3,34
2007,2,12,2007-11-23,2007-11-23T01:15:00Z,ATL,IND,31,13
2007,2,12,2007-11-25,2007-11-25T18:00:00Z,JAX,BUF,14,36
2007,2,12,2007-11-25,2007-11-25T18:00:00Z,CLE,HOU,17,27
2007,2,12,2007-11-25,2007-11-25T18:00:00Z,NYG,MIN,41,17
2007,2,12,2007-11-25,2007-11-25T18:00:00Z,CAR,NO,31,6
2007,2,12,2007-11-25,2007-11-25T18:00:00Z,KC,OAK,20,17
2007,2,12,2007-11-25,2007-11-25T18:00:00Z,STL,SEA,24,19
2007,2,12,2007-11-25,2007-11-25T18:00:00Z,CIN,TEN,6,35
2007,2,12,2007-11-25,2007-11-25T18:00:00Z,TB,WSH,13,19
2007,2,12,2007-11-25,2007-11-25T21:05:00Z,ARI,SF,37,31
2007,2,12,2007-11-25,2007-11-25T21:15:00Z,SD,BAL,14,32
2007,2,12,2007-11-25,2007-11-25T21:15:00Z,CHI,DEN,34,37
2007,2,12,2007-11-26,2007-11-26T01:15:00Z,NE,PHI,28,31
2007,2,12,2007-11-27,2007-11-27T01:30:00Z,PIT,MIA,0,3
2007,2,13,2007-11-30,2007-11-30T01:00:00Z,DAL,GB,27,37
2007,2,13,2007-12-02,2007-12-02T18:00:00Z,STL,ATL,16,28
2007,2,13,2007-12-02,2007-12-02T18:00:00Z,WSH,BUF,17,16
2007,2,13,2007-12-02,2007-12-02T18:00:00Z,MIN,DET,10,42
2007,2,13,2007-12-02,2007-12-02T18:00:00Z,TEN,HOU,20,28
2007,2,13,2007-12-02,2007-12-02T18:00:00Z,IND,JAX,25,28
2007,2,13,2007-12-02,2007-12-02T18:00:00Z,MIA,NYJ,40,13
2007,2,13,2007-12-02,2007-12-02T18:00:00Z,KC,SD,24,10
2007,2,13,2007-12-02,2007-12-02T18:00:00Z,PHI,SEA,28,24
2007,2,13,2007-12-02,2007-12-02T18:00:00Z,CAR,SF,14,31
2007,2,13,2007-12-02,2007-12-02T21:05:00Z,ARI,CLE,21,27
2007,2,13,2007-12-02,2007-12-02T21:05:00Z,OAK,DEN,20,34
2007,2,13,2007-12-02,2007-12-02T21:15:00Z,CHI,NYG,21,16
2007,2,13,2007-12-02,2007-12-02T21:15:00Z,NO,TB,27,23
2007,2,13,2007-12-03,2007-12-03T01:15:00Z,PIT,CIN,10,24
2007,2,13,2007-12-04,2007-12-04T01:30:00Z,BAL,NE,27,24
2007,2,14,2007-12-07,2007-12-07T01:00:00Z,WSH,CHI,16,24
2007,2,14,2007-12-09,2007-12-09T18:00:00Z,JAX,CAR,6,37
2007,2,14,2007-12-09,2007-12-09T18:00:00Z,DET,DAL,28,27
2007,2,14,2007-12-09,2007-12-09T18:00:00Z,BUF,MIA,17,38
2007,2,14,2007-12-09,2007-12-09T18:00:00Z,PHI,NYG,16,13
2007,2,14,2007-12-09,2007-12-09T18:00:00Z,GB,OAK,7,38
2007,2,14,2007-12-09,2007-12-09T18:00:00Z,TEN,SD,23,17
2007,2,14,2007-12-09,2007-12-09T18:00:00Z,CIN,STL,10,19
2007,2,14,2007-12-09,2007-12-09T18:00:00Z,HOU,TB,14,28
2007,2,14,2007-12-09,2007-12-09T21:05:00Z,SEA,ARI,21,42
2007,2,14,2007-12-09,2007-12-09T21:05:00Z,SF,MIN,27,7
2007,2,14,2007-12-09,2007-12-09T21:15:00Z,NYJ,CLE,24,18
2007,2,14,2007-12-09,2007-12-09T21:15:00Z,DEN,KC,7,41
2007,2,14,2007-12-09,2007-12-09T21:15:00Z,NE,PIT,13,34
2007,2,14,2007-12-10,2007-12-10T01:15:00Z,BAL,IND,44,20
2007,2,14,2007-12-11,2007-12-11T01:30:00Z,ATL,NO,34,14
2007,2,15,2007-12-14,2007-12-14T01:00:00Z,HOU,DEN,13,31
2007,2,15,2007-12-16,2007-12-16T01:00:00Z,SF,CIN,13,20
2007,2,15,2007-12-16,2007-12-16T18:00:00Z,NO,ARI,24,31
2007,2,15,2007-12-16,2007-12-16T18:00:00Z,TB,ATL,3,37
2007,2,15,2007-12-16,2007-12-16T18:00:00Z,MIA,BAL,16,22
2007,2,15,2007-12-16,2007-12-16T18:00:00Z,CLE,BUF,0,8
2007,2,15,2007-12-16,2007-12-16T18:00:00Z,STL,GB,33,14
2007,2,15,2007-12-16,2007-12-16T18:00:00Z,PIT,JAX,29,22
2007,2,15,2007-12-16,2007-12-16T18:00:00Z,NE,NYJ,10,20
2007,2,15,2007-12-16,2007-12-16T18:00:00Z,CAR,SEA,10,13
2007,2,15,2007-12-16,2007-12-16T18:00:00Z,KC,TEN,26,17
2007,2,15,2007-12-16,2007-12-16T21:05:00Z,OAK,IND,21,14
2007,2,15,2007-12-16,2007-12-16T21:15:00Z,SD,DET,14,51
2007,2,15,2007-12-16,2007-12-16T21:15:00Z,DAL,PHI,10,6
2007,2,15,2007-12-17,2007-12-17T01:15:00Z,NYG,WSH,22,10
2007,2,15,2007-12-18,2007-12-18T01:30:00Z,MIN,CHI,13,20
2007,2,16,2007-12-21,2007-12-21T01:00:00Z,STL,PIT,41,24
2007,2,16,2007-12-23,2007-12-23T01:00:00Z,CAR,DAL,20,13
2007,2,16,2007-12-23,2007-12-23T18:00:00Z,CIN,CLE,14,19
2007,2,16,2007-12-23,2007-12-23T18:00:00Z,CHI,GB,7,35
2007,2,16,2007-12-23,2007-12-23T18:00:00Z,IND,HOU,15,38
2007,2,16,2007-12-23,2007-12-23T18:00:00Z,DET,KC,20,25
2007,2,16,2007-12-23,2007-12-23T18:00:00Z,BUF,NYG,38,21
2007,2,16,2007-12-23,2007-12-23T18:00:00Z,JAX,OAK,11,49
2007,2,16,2007-12-23,2007-12-23T18:00:00Z,NO,PHI,38,23
2007,2,16,2007-12-23,2007-12-23T21:05:00Z,ARI,ATL,27,30
2007,2,16,2007-12-23,2007-12-23T21:05:00Z,SF,TB,19,21
2007,2,16,2007-12-23,2007-12-23T21:15:00Z,SEA,BAL,6,27
2007,2,16,2007-12-23,2007-12-23T21:15:00Z,NE,MIA,7,28
2007,2,16,2007-12-23,2007-12-23T21:15:00Z,TEN,NYJ,6,10
2007,2,16,2007-12-24,2007-12-24T01:15:00Z,MIN,WSH,32,21
2007,2,16,2007-12-25,2007-12-25T01:00:00Z,SD,DEN,3,23
2007,2,17,2007-12-30,2007-12-30T01:15:00Z,NYG,NE,38,35
2007,2,17,2007-12-30,2007-12-30T18:00:00Z,PHI,BUF,9,17
2007,2,17,2007-12-30,2007-12-30T18:00:00Z,TB,CAR,31,23
2007,2,17,2007-12-30,2007-12-30T18:00:00Z,MIA,CIN,38,25
2007,2,17,2007-12-30,2007-12-30T18:00:00Z,GB,DET,13,34
2007,2,17,2007-12-30,2007-12-30T18:00:00Z,HOU,JAX,28,42
2007,2,17,2007-12-30,2007-12-30T18:00:00Z,CHI,NO,25,33
2007,2,17,2007-12-30,2007-12-30T18:00:00Z,ATL,SEA,41,44
2007,2,17,2007-12-30,2007-12-30T18:00:00Z,CLE,SF,7,20
2007,2,17,2007-12-30,2007-12-30T21:15:00Z,WSH,DAL,6,27
2007,2,17,2007-12-30,2007-12-30T21:15:00Z,NYJ,KC,10,13
2007,2,17,2007-12-30,2007-12-30T21:15:00Z,DEN,MIN,19,22
2007,2,17,2007-12-30,2007-12-30T21:15:00Z,BAL,PIT,21,27
2007,2,17,2007-12-30,2007-12-30T21:15:00Z,OAK,SD,30,17
2007,2,17,2007-12-30,2007-12-30T21:15:00Z,ARI,STL,19,48
2007,2,17,2007-12-31,2007-12-31T01:15:00Z,IND,TEN,16,10
2007,3,1,2008-01-05,2008-01-05T21:30:00Z,SEA,WSH,14,35
2007,3,1,2008-01-06,2008-01-06T01:00:00Z,PIT,JAX,31,29
2007,3,1,2008-01-06,2008-01-06T18:00:00Z,TB,NYG,24,14
2007,3,1,2008-01-06,2008-01-06T21:30:00Z,SD,TEN,6,17
2007,3,2,2008-01-12,2008-01-12T21:30:00Z,GB,SEA,20,42
2007,3,2,2008-01-13,2008-01-13T01:00:00Z,NE,JAX,20,31
2007,3,2,2008-01-13,2008-01-13T18:00:00Z,IND,SD,28,24
2007,3,2,2008-01-13,2008-01-13T21:30:00Z,DAL,NYG,21,17
2007,3,3,2008-01-20,2008-01-20T20:00:00Z,NE,SD,12,21
2007,3,3,2008-01-20,2008-01-20T23:30:00Z,GB,NYG,23,20
2007,3,4,2008-02-03,2008-02-03T23:17:00Z,NE,NYG,17,14
2007,3,5,2008-02-10,2008-02-10T21:30:00Z,NFC,AFC,30,42
2008,1,1,2008-08-04,2008-08-04T00:00:00Z,WSH,IND,16,30
2008,1,2,2008-08-07,2008-08-07T23:00:00Z,DET,NYG,10,13
2008,1,2,2008-08-07,2008-08-07T23:30:00Z,NE,BAL,16,15
2008,1,2,2008-08-07,2008-08-07T23:30:00Z,CLE,NYJ,24,20
2008,1,2,2008-08-08,2008-08-08T00:00:00Z,CHI,KC,24,20
2008,1,2,2008-08-08,2008-08-08T00:00:00Z,ARI,NO,24,10
2008,1,2,2008-08-08,2008-08-08T23:30:00Z,PIT,PHI,10,16
2008,1,2,2008-08-09,2008-08-09T00:00:00Z,MIN,SEA,34,17
2008,1,2,2008-08-09,2008-08-09T02:00:00Z,OAK,SF,6,18
2008,1,2,2008-08-09,2008-08-09T23:00:00Z,WSH,BUF,14,17
2008,1,2,2008-08-09,2008-08-09T23:30:00Z,JAX,ATL,17,20
2008,1,2,2008-08-09,2008-08-09T23:30:00Z,CAR,IND,20,23
2008,1,2,2008-08-09,2008-08-09T23:30:00Z,MIA,TB,17,6
2008,1,2,2008-08-10,2008-08-10T00:00:00Z,HOU,DEN,16,19
2008,1,2,2008-08-10,2008-08-10T00:00:00Z,TEN,STL,13,34
2008,1,2,2008-08-10,2008-08-10T02:00:00Z,SD,DAL,17,31
2008,1,2,2008-08-12,2008-08-12T00:00:00Z,GB,CIN,20,17
2008,1,3,2008-08-14,2008-08-14T23:30:00Z,BUF,PIT,21,24
2008,1,3,2008-08-15,2008-08-15T00:00:00Z,PHI,CAR,13,24
2008,1,3,2008-08-16,2008-08-16T23:00:00Z,NYJ,WSH,13,10
2008,1,3,2008-08-16,2008-08-16T23:30:00Z,ATL,IND,16,9
2008,1,3,2008-08-16,2008-08-16T23:30:00Z,JAX,MIA,19,14
2008,1,3,2008-08-16,2008-08-16T23:30:00Z,BAL,MIN,23,15
2008,1,3,2008-08-17,2008-08-17T00:00:00Z,KC,ARI,27,17
2008,1,3,2008-08-17,2008-08-17T00:00:00Z,NO,HOU,31,27
2008,1,3,2008-08-17,2008-08-17T00:00:00Z,TEN,OAK,16,17
2008,1,3,2008-08-17,2008-08-17T00:00:00Z,STL,SD,6,7
2008,1,3,2008-08-17,2008-08-17T01:00:00Z,SEA,CHI,26,29
2008,1,3,2008-08-17,2008-08-17T01:00:00Z,DEN,DAL,13,23
2008,1,3,2008-08-17,2008-08-17T01:00:00Z,SF,GB,6,34
2008,1,3,2008-08-17,2008-08-17T23:35:00Z,CIN,DET,27,10
2008,1,3,2008-08-18,2008-08-18T00:00:00Z,TB,NE,10,27
2008,1,3,2008-08-19,2008-08-19T00:00:00Z,NYG,CLE,34,37
2008,1,4,2008-08-22,2008-08-22T00:00:00Z,CHI,SF,37,30
2008,1,4,2008-08-22,2008-08-22T23:30:00Z,NE,PHI,27,17
2008,1,4,2008-08-22,2008-08-22T23:30:00Z,ATL,TEN,3,17
2008,1,4,2008-08-23,2008-08-23T00:00:00Z,DAL,HOU,22,23
2008,1,4,2008-08-23,2008-08-23T01:00:00Z,DEN,GB,27,24
2008,1,4,2008-08-23,2008-08-23T20:00:00Z,DET,CLE,6,26
2008,1,4,2008-08-23,2008-08-23T23:00:00Z,NYJ,NYG,7,10
2008,1,4,2008-08-23,2008-08-23T23:30:00Z,TB,JAX,23,17
2008,1,4,2008-08-23,2008-08-23T23:30:00Z,MIA,KC,0,24
2008,1,4,2008-08-23,2008-08-23T23:30:00Z,CAR,WSH,3,47
2008,1,4,2008-08-23,2008-08-23T23:35:00Z,CIN,NO,13,0
2008,1,4,2008-08-24,2008-08-24T00:00:00Z,STL,BAL,10,24
2008,1,4,2008-08-24,2008-08-24T00:00:00Z,MIN,PIT,12,10
2008,1,4,2008-08-24,2008-08-24T01:00:00Z,OAK,ARI,24,0
2008,1,4,2008-08-25,2008-08-25T00:00:00Z,IND,BUF,20,7
2008,1,4,2008-08-26,2008-08-26T00:00:00Z,SD,SEA,17,18
2008,1,5,2008-08-28,2008-08-28T22:30:00Z,BUF,DET,14,6
2008,1,5,2008-08-28,2008-08-28T22:30:00Z,PHI,NYJ,27,20
2008,1,5,2008-08-28,2008-08-28T23:00:00Z,BAL,ATL,10,9
2008,1,5,2008-08-28,2008-08-28T23:00:00Z,PIT,CAR,16,19
2008,1,5,2008-08-28,2008-08-28T23:00:00Z,IND,CIN,27,7
2008,1,5,2008-08-28,2008-08-28T23:00:00Z,WSH,JAX,24,3
2008,1,5,2008-08-28,2008-08-28T23:00:00Z,NYG,NE,14,19
2008,1,5,2008-08-28,2008-08-28T23:00:00Z,KC,STL,17,21
2008,1,5,2008-08-28,2008-08-28T23:00:00Z,GB,TEN,23,21
2008,1,5,2008-08-28,2008-08-28T23:30:00Z,CLE,CHI,16,10
2008,1,5,2008-08-29,2008-08-29T00:00:00Z,NO,MIA,14,10
2008,1,5,2008-08-29,2008-08-29T00:00:00Z,DAL,MIN,10,16
2008,1,5,2008-08-29,2008-08-29T00:00:00Z,HOU,TB,16,6
2008,1,5,2008-08-30,2008-08-30T02:00:00Z,ARI,DEN,28,14
2008,1,5,2008-08-30,2008-08-30T02:00:00Z,SEA,OAK,16,23
2008,1,5,2008-08-30,2008-08-30T02:00:00Z,SF,SD,20,17
2008,2,1,2008-09-04,2008-09-04T23:00:00Z,NYG,WSH,7,16
2008,2,1,2008-09-07,2008-09-07T17:00:00Z,BAL,CIN,10,17
2008,2,1,2008-09-07,2008-09-07T17:00:00Z,ATL,DET,21,34
2008,2,1,2008-09-07,2008-09-07T17:00:00Z,PIT,HOU,17,38
2008,2,1,2008-09-07,2008-09-07T17:00:00Z,TEN,JAX,10,17
2008,2,1,2008-09-07,2008-09-07T17:00:00Z,NE,KC,10,17
2008,2,1,2008-09-07,2008-09-07T17:00:00Z,MIA,NYJ,20,14
2008,2,1,2008-09-07,2008-09-07T17:00:00Z,BUF,SEA,10,34
2008,2,1,2008-09-07,2008-09-07T17:00:00Z,PHI,STL,3,38
2008,2,1,2008-09-07,2008-09-07T17:00:00Z,NO,TB,20,24
2008,2,1,2008-09-07,2008-09-07T20:15:00Z,SF,ARI,23,13
2008,2,1,2008-09-07,2008-09-07T20:15:00Z,SD,CAR,26,24
2008,2,1,2008-09-07,2008-09-07T20:15:00Z,CLE,DAL,28,10
2008,2,1,2008-09-08,2008-09-08T00:15:00Z,IND,CHI,29,13
2008,2,1,2008-09-08,2008-09-08T23:00:00Z,GB,MIN,19,24
2008,2,1,2008-09-09,2008-09-09T02:15:00Z,OAK,DEN,41,14
2008,2,2,2008-09-14,2008-09-14T17:00:00Z,JAX,BUF,20,16
2008,2,2,2008-09-14,2008-09-14T17:00:00Z,CAR,CHI,17,20
2008,2,2,2008-09-14,2008-09-14T17:00:00Z,DET,GB,48,25
2008,2,2,2008-09-14,2008-09-14T17:00:00Z,MIN,IND,18,15
2008,2,2,2008-09-14,2008-09-14T17:00:00Z,WSH,NO,24,29
2008,2,2,2008-09-14,2008-09-14T17:00:00Z,STL,NYG,41,13
2008,2,2,2008-09-14,2008-09-14T17:00:00Z,KC,OAK,23,8
2008,2,2,2008-09-14,2008-09-14T17:00:00Z,CIN,TEN,24,7
2008,2,2,2008-09-14,2008-09-14T20:05:00Z,TB,ATL,9,24
2008,2,2,2008-09-14,2008-09-14T20:05:00Z,SEA,SF,33,30
2008,2,2,2008-09-14,2008-09-14T20:15:00Z,ARI,MIA,10,31
2008,2,2,2008-09-14,2008-09-14T20:15:00Z,NYJ,NE,19,10
2008,2,2,2008-09-14,2008-09-14T20:15:00Z,DEN,SD,38,39
2008,2,2,2008-09-15,2008-09-15T00:15:00Z,CLE,PIT,10,6
2008,2,2,2008-09-16,2008-09-16T00:30:00Z,DAL,PHI,37,41
2008,2,3,2008-09-21,2008-09-21T17:00:00Z,WSH,ARI,17,24
2008,2,3,2008-09-21,2008-09-21T17:00:00Z,MIN,CAR,10,20
2008,2,3,2008-09-21,2008-09-21T17:00:00Z,NYG,CIN,23,26
2008,2,3,2008-09-21,2008-09-21T17:00:00Z,TEN,HOU,12,31
2008,2,3,2008-09-21,2008-09-21T17:00:00Z,ATL,KC,14,38
2008,2,3,2008-09-21,2008-09-21T17:00:00Z,NE,MIA,38,13
2008,2,3,2008-09-21,2008-09-21T17:00:00Z,BUF,OAK,23,24
2008,2,3,2008-09-21,2008-09-21T17:00:00Z,CHI,TB,27,24
2008,2,3,2008-09-21,2008-09-21T20:05:00Z,SF,DET,13,31
2008,2,3,2008-09-21,2008-09-21T20:05:00Z,DEN,NO,32,34
2008,2,3,2008-09-21,2008-09-21T20:05:00Z,SEA,STL,13,37
2008,2,3,2008-09-21,2008-09-21T20:15:00Z,BAL,CLE,10,28
2008,2,3,2008-09-21,2008-09-21T20:15:00Z,IND,JAX,23,21
2008,2,3,2008-09-21,2008-09-21T20:15:00Z,PHI,PIT,6,15
2008,2,3,2008-09-22,2008-09-22T00:15:00Z,GB,DAL,27,16
2008,2,3,2008-09-23,2008-09-23T00:30:00Z,SD,NYJ,29,48
2008,2,4,2008-09-28,2008-09-28T17:00:00Z,NYJ,ARI,35,56
2008,2,4,2008-09-28,2008-09-28T17:00:00Z,CAR,ATL,9,24
2008,2,4,2008-09-28,2008-09-28T17:00:00Z,CIN,CLE,20,12
2008,2,4,2008-09-28,2008-09-28T17:00:00Z,KC,DEN,19,33
2008,2,4,2008-09-28,2008-09-28T17:00:00Z,TB,GB,21,30
2008,2,4,2008-09-28,2008-09-28T17:00:00Z,JAX,HOU,27,30
2008,2,4,2008-09-28,2008-09-28T17:00:00Z,TEN,MIN,17,30
2008,2,4,2008-09-28,2008-09-28T17:00:00Z,NO,SF,17,31
2008,2,4,2008-09-28,2008-09-28T20:05:00Z,STL,BUF,31,14
2008,2,4,2008-09-28,2008-09-28T20:05:00Z,OAK,SD,28,18
2008,2,4,2008-09-28,2008-09-28T20:15:00Z,DAL,WSH,26,24
2008,2,4,2008-09-29,2008-09-29T00:15:00Z,CHI,PHI,20,24
2008,2,4,2008-09-30,2008-09-30T00:30:00Z,PIT,BAL,20,23
2008,2,5,2008-10-05,2008-10-05T17:00:00Z,GB,ATL,27,24
2008,2,5,2008-10-05,2008-10-05T17:00:00Z,DET,CHI,34,7
2008,2,5,2008-10-05,2008-10-05T17:00:00Z,HOU,IND,31,27
2008,2,5,2008-10-05,2008-10-05T17:00:00Z,CAR,KC,0,34
2008,2,5,2008-10-05,2008-10-05T17:00:00Z,MIA,SD,10,17
2008,2,5,2008-10-05,2008-10-05T17:00:00Z,NYG,SEA,6,44
2008,2,5,2008-10-05,2008-10-05T17:00:00Z,BAL,TEN,13,10
2008,2,5,2008-10-05,2008-10-05T17:00:00Z,PHI,WSH,23,17
2008,2,5,2008-10-05,2008-10-05T20:05:00Z,DEN,TB,13,16
2008,2,5,2008-10-05,2008-10-05T20:15:00Z,ARI,BUF,17,41
2008,2,5,2008-10-05,2008-10-05T20:15:00Z,DAL,CIN,22,31
2008,2,5,2008-10-05,2008-10-05T20:15:00Z,SF,NE,30,21
2008,2,5,2008-10-06,2008-10-06T00:15:00Z,JAX,PIT,26,21
2008,2,5,2008-10-07,2008-10-07T00:30:00Z,NO,MIN,30,27
2008,2,6,2008-10-12,2008-10-12T17:00:00Z,IND,BAL,3,31
2008,2,6,2008-10-12,2008-10-12T17:00:00Z,TB,CAR,3,27
2008,2,6,2008-10-12,2008-10-12T17:00:00Z,ATL,CHI,20,22
2008,2,6,2008-10-12,2008-10-12T17:00:00Z,NYJ,CIN,14,26
2008,2,6,2008-10-12,2008-10-12T17:00:00Z,MIN,DET,10,12
2008,2,6,2008-10-12,2008-10-12T17:00:00Z,HOU,MIA,28,29
2008,2,6,2008-10-12,2008-10-12T17:00:00Z,NO,OAK,3,34
2008,2,6,2008-10-12,2008-10-12T17:00:00Z,WSH,STL,19,17
2008,2,6,2008-10-12,2008-10-12T20:05:00Z,DEN,JAX,24,17
2008,2,6,2008-10-12,2008-10-12T20:15:00Z,ARI,DAL,24,30
2008,2,6,2008-10-12,2008-10-12T20:15:00Z,SEA,GB,27,17
2008,2,6,2008-10-12,2008-10-12T20:15:00Z,SF,PHI,40,26
2008,2,6,2008-10-13,2008-10-13T00:15:00Z,SD,NE,10,30
2008,2,6,2008-10-14,2008-10-14T00:30:00Z,CLE,NYG,14,35
2008,2,7,2008-10-19,2008-10-19T17:00:00Z,MIA,BAL,27,13
2008,2,7,2008-10-19,2008-10-19T17:00:00Z,STL,DAL,14,34
2008,2,7,2008-10-19,2008-10-19T17:00:00Z,CHI,MIN,41,48
2008,2,7,2008-10-19,2008-10-19T17:00:00Z,CAR,NO,7,30
2008,2,7,2008-10-19,2008-10-19T17:00:00Z,CIN,PIT,38,10
2008,2,7,2008-10-19,2008-10-19T17:00:00Z,BUF,SD,14,23
2008,2,7,2008-10-19,2008-10-19T17:00:00Z,NYG,SF,17,29
2008,2,7,2008-10-19,2008-10-19T17:00:00Z,KC,TEN,34,10
2008,2,7,2008-10-19,2008-10-19T20:05:00Z,HOU,DET,21,28
2008,2,7,2008-10-19,2008-10-19T20:15:00Z,WSH,CLE,11,14
2008,2,7,2008-10-19,2008-10-19T20:15:00Z,GB,IND,14,34
2008,2,7,2008-10-19,2008-10-19T20:15:00Z,OAK,NYJ,13,16
2008,2,7,2008-10-20,2008-10-20T00:15:00Z,TB,SEA,10,20
2008,2,7,2008-10-21,2008-10-21T00:30:00Z,NE,DEN,7,41
2008,2,8,2008-10-26,2008-10-26T17:00:00Z,CAR,ARI,23,27
2008,2,8,2008-10-26,2008-10-26T17:00:00Z,PHI,ATL,14,27
2008,2,8,2008-10-26,2008-10-26T17:00:00Z,MIA,BUF,16,25
2008,2,8,2008-10-26,2008-10-26T17:00:00Z,NYJ,KC,24,28
2008,2,8,2008-10-26,2008-10-26T17:00:00Z,BAL,OAK,10,29
2008,2,8,2008-10-26,2008-10-26T17:00:00Z,NO,SD,32,37
2008,2,8,2008-10-26,2008-10-26T17:00:00Z,NE,STL,16,23
2008,2,8,2008-10-26,2008-10-26T17:00:00Z,DAL,TB,9,13
2008,2,8,2008-10-26,2008-10-26T17:00:00Z,DET,WSH,25,17
2008,2,8,2008-10-26,2008-10-26T20:05:00Z,HOU,CIN,6,35
2008,2,8,2008-10-26,2008-10-26T20:05:00Z,JAX,CLE,23,17
2008,2,8,2008-10-26,2008-10-26T20:15:00Z,PIT,NYG,21,14
2008,2,8,2008-10-26,2008-10-26T20:15:00Z,SF,SEA,34,13
2008,2,8,2008-10-28,2008-10-28T00:30:00Z,TEN,IND,21,31
2008,2,9,2008-11-02,2008-11-02T18:00:00Z,STL,ARI,34,13
2008,2,9,2008-11-02,2008-11-02T18:00:00Z,CLE,BAL,37,27
2008,2,9,2008-11-02,2008-11-02T18:00:00Z,CHI,DET,23,27
2008,2,9,2008-11-02,2008-11-02T18:00:00Z,TEN,GB,16,19
2008,2,9,2008-11-02,2008-11-02T18:00:00Z,MIN,HOU,21,28
2008,2,9,2008-11-02,2008-11-02T18:00:00Z,CIN,JAX,19,21
2008,2,9,2008-11-02,2008-11-02T18:00:00Z,BUF,NYJ,26,17
2008,2,9,2008-11-02,2008-11-02T18:00:00Z,KC,TB,30,27
2008,2,9,2008-11-02,2008-11-02T21:05:00Z,DEN,MIA,26,17
2008,2,9,2008-11-02,2008-11-02T21:15:00Z,OAK,ATL,24,0
2008,2,9,2008-11-02,2008-11-02T21:15:00Z,NYG,DAL,14,35
2008,2,9,2008-11-02,2008-11-02T21:15:00Z,SEA,PHI,26,7
2008,2,9,2008-11-03,2008-11-03T01:15:00Z,IND,NE,15,18
2008,2,9,2008-11-04,2008-11-04T01:30:00Z,WSH,PIT,23,6
2008,2,10,2008-11-07,2008-11-07T01:15:00Z,CLE,DEN,34,30
2008,2,10,2008-11-09,2008-11-09T18:00:00Z,HOU,BAL,41,13
2008,2,10,2008-11-09,2008-11-09T18:00:00Z,NE,BUF,10,20
2008,2,10,2008-11-09,2008-11-09T18:00:00Z,MIN,GB,27,28
2008,2,10,2008-11-09,2008-11-09T18:00:00Z,DET,JAX,38,14
2008,2,10,2008-11-09,2008-11-09T18:00:00Z,ATL,NO,20,34
2008,2,10,2008-11-09,2008-11-09T18:00:00Z,MIA,SEA,19,21
2008,2,10,2008-11-09,2008-11-09T18:00:00Z,NYJ,STL,3,47
2008,2,10,2008-11-09,2008-11-09T18:00:00Z,CHI,TEN,21,14
2008,2,10,2008-11-09,2008-11-09T21:05:00Z,OAK,CAR,17,6
2008,2,10,2008-11-09,2008-11-09T21:15:00Z,PIT,IND,24,20
2008,2,10,2008-11-09,2008-11-09T21:15:00Z,SD,KC,19,20
2008,2,10,2008-11-10,2008-11-10T01:15:00Z,PHI,NYG,36,31
2008,2,10,2008-11-11,2008-11-11T01:30:00Z,ARI,SF,24,29
2008,2,11,2008-11-14,2008-11-14T01:15:00Z,NE,NYJ,34,31
2008,2,11,2008-11-16,2008-11-16T18:00:00Z,NYG,BAL,10,30
2008,2,11,2008-11-16,2008-11-16T18:00:00Z,GB,CHI,3,37
2008,2,11,2008-11-16,2008-11-16T18:00:00Z,ATL,DEN,24,20
2008,2,11,2008-11-16,2008-11-16T18:00:00Z,CAR,DET,22,31
2008,2,11,2008-11-16,2008-11-16T18:00:00Z,IND,HOU,27,33
2008,2,11,2008-11-16,2008-11-16T18:00:00Z,TB,MIN,13,19
2008,2,11,2008-11-16,2008-11-16T18:00:00Z,KC,NO,30,20
2008,2,11,2008-11-16,2008-11-16T18:00:00Z,MIA,OAK,15,17
2008,2,11,2008-11-16,2008-11-16T18:00:00Z,CIN,PHI,13,13
2008,2,11,2008-11-16,2008-11-16T21:05:00Z,SEA,ARI,26,20
2008,2,11,2008-11-16,2008-11-16T21:05:00Z,SF,STL,16,35
2008,2,11,2008-11-16,2008-11-16T21:15:00Z,PIT,SD,10,11
2008,2,11,2008-11-16,2008-11-16T21:15:00Z,JAX,TEN,24,14
2008,2,11,2008-11-17,2008-11-17T01:15:00Z,WSH,DAL,14,10
2008,2,11,2008-11-18,2008-11-18T01:30:00Z,BUF,CLE,29,27
2008,2,12,2008-11-21,2008-11-21T01:15:00Z,PIT,CIN,10,27
2008,2,12,2008-11-23,2008-11-23T18:00:00Z,KC,BUF,54,31
2008,2,12,2008-11-23,2008-11-23T18:00:00Z,STL,CHI,27,3
2008,2,12,2008-11-23,2008-11-23T18:00:00Z,CLE,HOU,16,6
2008,2,12,2008-11-23,2008-11-23T18:00:00Z,JAX,MIN,30,12
2008,2,12,2008-11-23,2008-11-23T18:00:00Z,MIA,NE,48,28
2008,2,12,2008-11-23,2008-11-23T18:00:00Z,TEN,NYJ,34,13
2008,2,12,2008-11-23,2008-11-23T18:00:00Z,BAL,PHI,7,36
2008,2,12,2008-11-23,2008-11-23T18:00:00Z,DAL,SF,22,35
2008,2,12,2008-11-23,2008-11-23T18:00:00Z,DET,TB,38,20
2008,2,12,2008-11-23,2008-11-23T21:05:00Z,DEN,OAK,31,10
2008,2,12,2008-11-23,2008-11-23T21:15:00Z,ATL,CAR,28,45
2008,2,12,2008-11-23,2008-11-23T21:15:00Z,ARI,NYG,37,29
2008,2,12,2008-11-23,2008-11-23T21:15:00Z,SEA,WSH,20,17
2008,2,12,2008-11-24,2008-11-24T01:15:00Z,SD,IND,23,20
2008,2,12,2008-11-25,2008-11-25T01:30:00Z,NO,GB,29,51
2008,2,13,2008-11-27,2008-11-27T17:30:00Z,DET,TEN,47,10
2008,2,13,2008-11-27,2008-11-27T21:15:00Z,DAL,SEA,9,34
2008,2,13,2008-11-28,2008-11-28T01:15:00Z,PHI,ARI,20,48
2008,2,13,2008-11-30,2008-11-30T18:00:00Z,CIN,BAL,34,3
2008,2,13,2008-11-30,2008-11-30T18:00:00Z,GB,CAR,35,31
2008,2,13,2008-11-30,2008-11-30T18:00:00Z,CLE,IND,10,6
2008,2,13,2008-11-30,2008-11-30T18:00:00Z,STL,MIA,16,12
2008,2,13,2008-11-30,2008-11-30T18:00:00Z,TB,NO,20,23
2008,2,13,2008-11-30,2008-11-30T18:00:00Z,WSH,NYG,23,7
2008,2,13,2008-11-30,2008-11-30T18:00:00Z,BUF,SF,10,3
2008,2,13,2008-11-30,2008-11-30T21:05:00Z,SD,ATL,22,16
2008,2,13,2008-11-30,2008-11-30T21:15:00Z,NYJ,DEN,34,17
2008,2,13,2008-11-30,2008-11-30T21:15:00Z,OAK,KC,20,13
2008,2,13,2008-11-30,2008-11-30T21:15:00Z,NE,PIT,33,10
2008,2,13,2008-12-01,2008-12-01T01:15:00Z,MIN,CHI,14,34
2008,2,13,2008-12-02,2008-12-02T01:30:00Z,HOU,JAX,17,30
2008,2,14,2008-12-05,2008-12-05T01:15:00Z,SD,OAK,7,34
2008,2,14,2008-12-07,2008-12-07T18:00:00Z,NO,ATL,25,29
2008,2,14,2008-12-07,2008-12-07T18:00:00Z,IND,CIN,3,35
2008,2,14,2008-12-07,2008-12-07T18:00:00Z,TEN,CLE,9,28
2008,2,14,2008-12-07,2008-12-07T18:00:00Z,GB,HOU,24,21
2008,2,14,2008-12-07,2008-12-07T18:00:00Z,CHI,JAX,10,23
2008,2,14,2008-12-07,2008-12-07T18:00:00Z,DET,MIN,20,16
2008,2,14,2008-12-07,2008-12-07T18:00:00Z,NYG,PHI,20,14
2008,2,14,2008-12-07,2008-12-07T21:05:00Z,DEN,KC,17,24
2008,2,14,2008-12-07,2008-12-07T21:05:00Z,BUF,MIA,16,3
2008,2,14,2008-12-07,2008-12-07T21:05:00Z,SEA,NE,24,21
2008,2,14,2008-12-07,2008-12-07T21:05:00Z,SF,NYJ,14,24
2008,2,14,2008-12-07,2008-12-07T21:15:00Z,PIT,DAL,13,20
2008,2,14,2008-12-07,2008-12-07T21:15:00Z,ARI,STL,10,34
2008,2,14,2008-12-08,2008-12-08T01:15:00Z,BAL,WSH,10,24
2008,2,14,2008-12-09,2008-12-09T01:30:00Z,CAR,TB,23,38
2008,2,15,2008-12-12,2008-12-12T01:15:00Z,CHI,NO,24,27
2008,2,15,2008-12-14,2008-12-14T18:00:00Z,NYJ,BUF,27,31
2008,2,15,2008-12-14,2008-12-14T18:00:00Z,IND,DET,21,31
2008,2,15,2008-12-14,2008-12-14T18:00:00Z,JAX,GB,16,20
2008,2,15,2008-12-14,2008-12-14T18:00:00Z,KC,SD,22,21
2008,2,15,2008-12-14,2008-12-14T18:00:00Z,STL,SEA,23,20
2008,2,15,2008-12-14,2008-12-14T18:00:00Z,MIA,SF,9,14
2008,2,15,2008-12-14,2008-12-14T18:00:00Z,ATL,TB,10,13
2008,2,15,2008-12-14,2008-12-14T18:00:00Z,HOU,TEN,12,13
2008,2,15,2008-12-14,2008-12-14T18:00:00Z,CIN,WSH,13,20
2008,2,15,2008-12-14,2008-12-14T21:05:00Z,ARI,MIN,35,14
2008,2,15,2008-12-14,2008-12-14T21:15:00Z,CAR,DEN,10,30
2008,2,15,2008-12-14,2008-12-14T21:15:00Z,OAK,NE,49,26
2008,2,15,2008-12-14,2008-12-14T21:15:00Z,BAL,PIT,13,9
2008,2,15,2008-12-15,2008-12-15T01:15:00Z,DAL,NYG,8,20
2008,2,15,2008-12-16,2008-12-16T01:30:00Z,PHI,CLE,10,30
2008,2,16,2008-12-19,2008-12-19T01:15:00Z,JAX,IND,31,24
2008,2,16,2008-12-21,2008-12-21T01:15:00Z,DAL,BAL,33,24
2008,2,16,2008-12-21,2008-12-21T18:00:00Z,NE,ARI,7,47
2008,2,16,2008-12-21,2008-12-21T18:00:00Z,CLE,CIN,14,0
2008,2,16,2008-12-21,2008-12-21T18:00:00Z,KC,MIA,38,31
2008,2,16,2008-12-21,2008-12-21T18:00:00Z,DET,NO,42,7
2008,2,16,2008-12-21,2008-12-21T18:00:00Z,TEN,PIT,14,31
2008,2,16,2008-12-21,2008-12-21T18:00:00Z,TB,SD,41,24
2008,2,16,2008-12-21,2008-12-21T18:00:00Z,STL,SF,17,16
2008,2,16,2008-12-21,2008-12-21T21:05:00Z,DEN,BUF,30,23
2008,2,16,2008-12-21,2008-12-21T21:05:00Z,OAK,HOU,16,27
2008,2,16,2008-12-21,2008-12-21T21:05:00Z,SEA,NYJ,3,13
2008,2,16,2008-12-21,2008-12-21T21:15:00Z,MIN,ATL,24,17
2008,2,16,2008-12-21,2008-12-21T21:15:00Z,WSH,PHI,3,10
2008,2,16,2008-12-22,2008-12-22T01:15:00Z,NYG,CAR,28,34
2008,2,16,2008-12-23,2008-12-23T01:30:00Z,CHI,GB,17,20
2008,2,17,2008-12-28,2008-12-28T18:00:00Z,NO,CAR,33,31
2008,2,17,2008-12-28,2008-12-28T18:00:00Z,HOU,CHI,24,31
2008,2,17,2008-12-28,2008-12-28T18:00:00Z,PIT,CLE,0,31
2008,2,17,2008-12-28,2008-12-28T18:00:00Z,GB,DET,21,31
2008,2,17,2008-12-28,2008-12-28T18:00:00Z,CIN,KC,6,16
2008,2,17,2008-12-28,2008-12-28T18:00:00Z,BUF,NE,13,0
2008,2,17,2008-12-28,2008-12-28T18:00:00Z,MIN,NYG,19,20
2008,2,17,2008-12-28,2008-12-28T18:00:00Z,TB,OAK,31,24
2008,2,17,2008-12-28,2008-12-28T18:00:00Z,ATL,STL,27,31
2008,2,17,2008-12-28,2008-12-28T18:00:00Z,IND,TEN,0,23
2008,2,17,2008-12-28,2008-12-28T21:15:00Z,PHI,DAL,6,44
2008,2,17,2008-12-28,2008-12-28T21:15:00Z,BAL,JAX,7,27
2008,2,17,2008-12-28,2008-12-28T21:15:00Z,NYJ,MIA,24,17
2008,2,17,2008-12-28,2008-12-28T21:15:00Z,ARI,SEA,21,34
2008,2,17,2008-12-28,2008-12-28T21:15:00Z,SF,WSH,24,27
2008,2,17,2008-12-29,2008-12-29T01:15:00Z,SD,DEN,21,52
2008,3,1,2009-01-03,2009-01-03T21:30:00Z,ARI,ATL,24,30
2008,3,1,2009-01-04,2009-01-04T01:00:00Z,SD,IND,17,23
2008,3,1,2009-01-04,2009-01-04T18:00:00Z,MIA,BAL,27,9
2008,3,1,2009-01-04,2009-01-04T21:30:00Z,MIN,PHI,26,14
2008,3,2,2009-01-10,2009-01-10T21:30:00Z,TEN,BAL,13,10
2008,3,2,2009-01-11,2009-01-11T01:15:00Z,CAR,ARI,33,13
2008,3,2,2009-01-11,2009-01-11T18:00:00Z,NYG,PHI,23,11
2008,3,2,2009-01-11,2009-01-11T21:45:00Z,PIT,SD,24,35
2008,3,3,2009-01-18,2009-01-18T20:00:00Z,ARI,PHI,25,32
2008,3,3,2009-01-18,2009-01-18T23:30:00Z,PIT,BAL,14,23
2008,3,4,2009-02-01,2009-02-01T23:28:00Z,ARI,PIT,27,23
2008,3,5,2009-02-08,2009-02-08T21:30:00Z,AFC,NFC,30,21
2009,1,1,2009-08-10,2009-08-10T00:00:00Z,TEN,BUF,18,21
2009,1,2,2009-08-13,2009-08-13T23:30:00Z,PHI,NE,27,25
2009,1,2,2009-08-13,2009-08-13T23:30:00Z,BAL,WSH,0,23
2009,1,2,2009-08-14,2009-08-14T00:00:00Z,PIT,ARI,10,20
2009,1,2,2009-08-14,2009-08-14T02:00:00Z,OAK,DAL,10,31
2009,1,2,2009-08-14,2009-08-14T23:00:00Z,NYJ,STL,23,20
2009,1,2,2009-08-14,2009-08-14T23:30:00Z,IND,MIN,13,3
2009,1,2,2009-08-15,2009-08-15T00:00:00Z,NO,CIN,7,17
2009,1,2,2009-08-15,2009-08-15T02:00:00Z,SF,DEN,16,17
2009,1,2,2009-08-15,2009-08-15T20:00:00Z,DET,ATL,26,27
2009,1,2,2009-08-15,2009-08-15T23:00:00Z,BUF,CHI,20,27
2009,1,2,2009-08-16,2009-08-16T00:00:00Z,GB,CLE,0,17
2009,1,2,2009-08-16,2009-08-16T00:00:00Z,KC,HOU,16,10
2009,1,2,2009-08-16,2009-08-16T00:00:00Z,TEN,TB,20,27
2009,1,2,2009-08-16,2009-08-16T02:00:00Z,SD,SEA,20,14
2009,1,2,2009-08-17,2009-08-17T23:30:00Z,MIA,JAX,9,12
2009,1,2,2009-08-18,2009-08-18T00:00:00Z,NYG,CAR,17,24
2009,1,3,2009-08-20,2009-08-20T23:30:00Z,NE,CIN,7,6
2009,1,3,2009-08-21,2009-08-21T00:00:00Z,IND,PHI,15,23
2009,1,3,2009-08-22,2009-08-22T00:00:00Z,STL,ATL,20,13
2009,1,3,2009-08-22,2009-08-22T00:00:00Z,MIN,KC,13,17
2009,1,3,2009-08-22,2009-08-22T00:00:00Z,DAL,TEN,10,30
2009,1,3,2009-08-22,2009-08-22T23:30:00Z,MIA,CAR,17,27
2009,1,3,2009-08-22,2009-08-22T23:30:00Z,CLE,DET,10,27
2009,1,3,2009-08-22,2009-08-22T23:30:00Z,WSH,PIT,13,17
2009,1,3,2009-08-22,2009-08-22T23:30:00Z,JAX,TB,24,23
2009,1,3,2009-08-23,2009-08-23T00:00:00Z,GB,BUF,21,31
2009,1,3,2009-08-23,2009-08-23T00:00:00Z,HOU,NO,38,14
2009,1,3,2009-08-23,2009-08-23T00:00:00Z,CHI,NYG,3,17
2009,1,3,2009-08-23,2009-08-23T00:15:00Z,SF,OAK,20,21
2009,1,3,2009-08-23,2009-08-23T02:00:00Z,ARI,SD,17,6
2009,1,3,2009-08-23,2009-08-23T02:30:00Z,SEA,DEN,13,27
2009,1,3,2009-08-25,2009-08-25T00:00:00Z,BAL,NYJ,23,24
2009,1,4,2009-08-27,2009-08-27T23:00:00Z,PHI,JAX,32,33
2009,1,4,2009-08-27,2009-08-27T23:30:00Z,CIN,STL,24,21
2009,1,4,2009-08-28,2009-08-28T00:00:00Z,TB,MIA,10,6
2009,1,4,2009-08-29,2009-08-29T00:00:00Z,WSH,NE,27,24
2009,1,4,2009-08-29,2009-08-29T02:00:00Z,ARI,GB,44,37
2009,1,4,2009-08-29,2009-08-29T17:00:00Z,DET,IND,17,18
2009,1,4,2009-08-29,2009-08-29T20:00:00Z,OAK,NO,45,7
2009,1,4,2009-08-29,2009-08-29T23:30:00Z,PIT,BUF,0,17
2009,1,4,2009-08-29,2009-08-29T23:30:00Z,CLE,TEN,17,23
2009,1,4,2009-08-30,2009-08-30T00:00:00Z,CAR,BAL,17,13
2009,1,4,2009-08-30,2009-08-30T00:00:00Z,NYG,NYJ,27,25
2009,1,4,2009-08-30,2009-08-30T00:00:00Z,ATL,SD,24,27
2009,1,4,2009-08-30,2009-08-30T00:00:00Z,KC,SEA,14,10
2009,1,4,2009-08-30,2009-08-30T00:00:00Z,DAL,SF,20,13
2009,1,4,2009-08-31,2009-08-31T00:00:00Z,DEN,CHI,27,17
2009,1,4,2009-09-01,2009-09-01T00:00:00Z,HOU,MIN,17,10
2009,1,5,2009-09-03,2009-09-03T22:30:00Z,BUF,DET,17,6
2009,1,5,2009-09-03,2009-09-03T23:00:00Z,NYJ,PHI,27,38
2009,1,5,2009-09-03,2009-09-03T23:30:00Z,ATL,BAL,20,3
2009,1,5,2009-09-03,2009-09-03T23:30:00Z,CIN,IND,7,38
2009,1,5,2009-09-03,2009-09-03T23:30:00Z,NE,NYG,27,38
2009,1,5,2009-09-03,2009-09-03T23:30:00Z,JAX,WSH,17,24
2009,1,5,2009-09-04,2009-09-04T00:00:00Z,CHI,CLE,23,26
2009,1,5,2009-09-04,2009-09-04T00:00:00Z,TEN,GB,13,27
2009,1,5,2009-09-04,2009-09-04T00:00:00Z,STL,KC,9,17
2009,1,5,2009-09-04,2009-09-04T00:00:00Z,NO,MIA,10,7
2009,1,5,2009-09-04,2009-09-04T00:00:00Z,CAR,PIT,21,10
2009,1,5,2009-09-04,2009-09-04T01:00:00Z,DEN,ARI,0,19
2009,1,5,2009-09-04,2009-09-04T02:00:00Z,SEA,OAK,21,31
2009,1,5,2009-09-04,2009-09-04T23:00:00Z,TB,HOU,27,20
2009,1,5,2009-09-05,2009-09-05T00:00:00Z,MIN,DAL,35,31
2009,1,5,2009-09-05,2009-09-05T02:00:00Z,SD,SF,7,26
2009,2,1,2009-09-11,2009-09-11T00:30:00Z,PIT,TEN,10,13
2009,2,1,2009-09-13,2009-09-13T17:00:00Z,TB,DAL,34,21
2009,2,1,2009-09-13,2009-09-13T17:00:00Z,CIN,DEN,12,7
2009,2,1,2009-09-13,2009-09-13T17:00:00Z,NO,DET,27,45
2009,2,1,2009-09-13,2009-09-13T17:00:00Z,IND,JAX,12,14
2009,2,1,2009-09-13,2009-09-13T17:00:00Z,BAL,KC,24,38
2009,2,1,2009-09-13,2009-09-13T17:00:00Z,ATL,MIA,7,19
2009,2,1,2009-09-13,2009-09-13T17:00:00Z,CLE,MIN,34,20
2009,2,1,2009-09-13,2009-09-13T17:00:00Z,HOU,NYJ,24,7
2009,2,1,2009-09-13,2009-09-13T17:00:00Z,CAR,PHI,38,10
2009,2,1,2009-09-13,2009-09-13T20:15:00Z,ARI,SF,20,16
2009,2,1,2009-09-13,2009-09-13T20:15:00Z,SEA,STL,0,28
2009,2,1,2009-09-13,2009-09-13T20:15:00Z,NYG,WSH,17,23
2009,2,1,2009-09-14,2009-09-14T00:20:00Z,GB,CHI,15,21
2009,2,1,2009-09-14,2009-09-14T23:00:00Z,NE,BUF,24,25
2009,2,1,2009-09-15,2009-09-15T02:15:00Z,OAK,SD,24,20
2009,2,2,2009-09-20,2009-09-20T17:00:00Z,JAX,ARI,31,17
2009,2,2,2009-09-20,2009-09-20T17:00:00Z,ATL,CAR,20,28
2009,2,2,2009-09-20,2009-09-20T17:00:00Z,GB,CIN,31,24
2009,2,2,2009-09-20,2009-09-20T17:00:00Z,TEN,HOU,34,31
2009,2,2,2009-09-20,2009-09-20T17:00:00Z,DET,MIN,27,13
2009,2,2,2009-09-20,2009-09-20T17:00:00Z,NYJ,NE,9,16
2009,2,2,2009-09-20,2009-09-20T17:00:00Z,PHI,NO,48,22
2009,2,2,2009-09-20,2009-09-20T17:00:00Z,KC,OAK,13,10
2009,2,2,2009-09-20,2009-09-20T17:00:00Z,WSH,STL,7,9
2009,2,2,2009-09-20,2009-09-20T20:05:00Z,SF,SEA,10,23
2009,2,2,2009-09-20,2009-09-20T20:05:00Z,BUF,TB,20,33
2009,2,2,2009-09-20,2009-09-20T20:15:00Z,SD,BAL,31,26
2009,2,2,2009-09-20,2009-09-20T20:15:00Z,DEN,CLE,6,27
2009,2,2,2009-09-20,2009-09-20T20:15:00Z,CHI,PIT,14,17
2009,2,2,2009-09-21,2009-09-21T00:20:00Z,DAL,NYG,33,31
2009,2,2,2009-09-22,2009-09-22T00:30:00Z,MIA,IND,27,23
2009,2,3,2009-09-27,2009-09-27T17:00:00Z,NE,ATL,10,26
2009,2,3,2009-09-27,2009-09-27T17:00:00Z,BAL,CLE,3,34
2009,2,3,2009-09-27,2009-09-27T17:00:00Z,STL,GB,36,17
2009,2,3,2009-09-27,2009-09-27T17:00:00Z,HOU,JAX,31,24
2009,2,3,2009-09-27,2009-09-27T17:00:00Z,PHI,KC,14,34
2009,2,3,2009-09-27,2009-09-27T17:00:00Z,TB,NYG,24,0
2009,2,3,2009-09-27,2009-09-27T17:00:00Z,MIN,SF,24,27
2009,2,3,2009-09-27,2009-09-27T17:00:00Z,NYJ,TEN,17,24
2009,2,3,2009-09-27,2009-09-27T17:00:00Z,DET,WSH,14,19
2009,2,3,2009-09-27,2009-09-27T20:05:00Z,SEA,CHI,25,19
2009,2,3,2009-09-27,2009-09-27T20:05:00Z,BUF,NO,27,7
2009,2,3,2009-09-27,2009-09-27T20:15:00Z,OAK,DEN,23,3
2009,2,3,2009-09-27,2009-09-27T20:15:00Z,SD,MIA,13,23
2009,2,3,2009-09-27,2009-09-27T20:15:00Z,CIN,PIT,20,23
2009,2,3,2009-09-28,2009-09-28T00:20:00Z,ARI,IND,31,10
2009,2,3,2009-09-29,2009-09-29T00:30:00Z,DAL,CAR,7,21
2009,2,4,2009-10-04,2009-10-04T17:00:00Z,NE,BAL,21,27
2009,2,4,2009-10-04,2009-10-04T17:00:00Z,CLE,CIN,23,20
2009,2,4,2009-10-04,2009-10-04T17:00:00Z,CHI,DET,24,48
2009,2,4,2009-10-04,2009-10-04T17:00:00Z,KC,NYG,27,16
2009,2,4,2009-10-04,2009-10-04T17:00:00Z,HOU,OAK,6,29
2009,2,4,2009-10-04,2009-10-04T17:00:00Z,IND,SEA,17,34
2009,2,4,2009-10-04,2009-10-04T17:00:00Z,WSH,TB,13,16
2009,2,4,2009-10-04,2009-10-04T17:00:00Z,JAX,TEN,17,37
2009,2,4,2009-10-04,2009-10-04T20:05:00Z,MIA,BUF,10,38
2009,2,4,2009-10-04,2009-10-04T20:05:00Z,NO,NYJ,10,24
2009,2,4,2009-10-04,2009-10-04T20:15:00Z,DEN,DAL,10,17
2009,2,4,2009-10-04,2009-10-04T20:15:00Z,SF,STL,0,35
2009,2,4,2009-10-05,2009-10-05T00:20:00Z,PIT,SD,28,38
2009,2,4,2009-10-06,2009-10-06T00:30:00Z,MIN,GB,23,30
2009,2,5,2009-10-11,2009-10-11T17:00:00Z,BAL,CIN,17,14
2009,2,5,2009-10-11,2009-10-11T17:00:00Z,BUF,CLE,6,3
2009,2,5,2009-10-11,2009-10-11T17:00:00Z,KC,DAL,26,20
2009,2,5,2009-10-11,2009-10-11T17:00:00Z,STL,MIN,38,10
2009,2,5,2009-10-11,2009-10-11T17:00:00Z,NYG,OAK,7,44
2009,2,5,2009-10-11,2009-10-11T17:00:00Z,DET,PIT,28,20
2009,2,5,2009-10-11,2009-10-11T17:00:00Z,PHI,TB,14,33
2009,2,5,2009-10-11,2009-10-11T17:00:00Z,CAR,WSH,17,20
2009,2,5,2009-10-11,2009-10-11T20:05:00Z,SF,ATL,45,10
2009,2,5,2009-10-11,2009-10-11T20:15:00Z,ARI,HOU,21,28
2009,2,5,2009-10-11,2009-10-11T20:15:00Z,SEA,JAX,0,41
2009,2,5,2009-10-11,2009-10-11T20:15:00Z,DEN,NE,17,20
2009,2,5,2009-10-12,2009-10-12T00:20:00Z,TEN,IND,31,9
2009,2,5,2009-10-13,2009-10-13T00:30:00Z,MIA,NYJ,27,31
2009,2,6,2009-10-18,2009-10-18T17:00:00Z,MIN,BAL,31,33
2009,2,6,2009-10-18,2009-10-18T17:00:00Z,TB,CAR,28,21
2009,2,6,2009-10-18,2009-10-18T17:00:00Z,PIT,CLE,14,27
2009,2,6,2009-10-18,2009-10-18T17:00:00Z,GB,DET,0,26
2009,2,6,2009-10-18,2009-10-18T17:00:00Z,CIN,HOU,28,17
2009,2,6,2009-10-18,2009-10-18T17:00:00Z,WSH,KC,14,6
2009,2,6,2009-10-18,2009-10-18T17:00:00Z,NO,NYG,27,48
2009,2,6,2009-10-18,2009-10-18T17:00:00Z,JAX,STL,20,23
2009,2,6,2009-10-18,2009-10-18T20:05:00Z,SEA,ARI,27,3
2009,2,6,2009-10-18,2009-10-18T20:05:00Z,OAK,PHI,9,13
2009,2,6,2009-10-18,2009-10-18T20:15:00Z,NYJ,BUF,16,13
2009,2,6,2009-10-18,2009-10-18T20:15:00Z,NE,TEN,0,59
2009,2,6,2009-10-19,2009-10-19T00:20:00Z,ATL,CHI,14,21
2009,2,6,2009-10-20,2009-10-20T00:30:00Z,SD,DEN,34,23
2009,2,7,2009-10-25,2009-10-25T17:00:00Z,CLE,GB,31,3
2009,2,7,2009-10-25,2009-10-25T17:00:00Z,STL,IND,42,6
2009,2,7,2009-10-25,2009-10-25T17:00:00Z,PIT,MIN,17,27
2009,2,7,2009-10-25,2009-10-25T17:00:00Z,TB,NE,35,7
2009,2,7,2009-10-25,2009-10-25T17:00:00Z,KC,SD,37,7
2009,2,7,2009-10-25,2009-10-25T17:00:00Z,HOU,SF,21,24
2009,2,7,2009-10-25,2009-10-25T20:05:00Z,CAR,BUF,20,9
2009,2,7,2009-10-25,2009-10-25T20:05:00Z,OAK,NYJ,38,0
2009,2,7,2009-10-25,2009-10-25T20:15:00Z,DAL,ATL,21,37
2009,2,7,2009-10-25,2009-10-25T20:15:00Z,CIN,CHI,10,45
2009,2,7,2009-10-25,2009-10-25T20:15:00Z,MIA,NO,46,34
2009,2,7,2009-10-26,2009-10-26T00:20:00Z,NYG,ARI,24,17
2009,2,7,2009-10-27,2009-10-27T00:30:00Z,WSH,PHI,27,17
2009,2,8,2009-11-01,2009-11-01T18:00:00Z,CHI,CLE,6,30
2009,2,8,2009-11-01,2009-11-01T18:00:00Z,BAL,DEN,7,30
2009,2,8,2009-11-01,2009-11-01T18:00:00Z,BUF,HOU,31,10
2009,2,8,2009-11-01,2009-11-01T18:00:00Z,NYJ,MIA,30,25
2009,2,8,2009-11-01,2009-11-01T18:00:00Z,PHI,NYG,17,40
2009,2,8,2009-11-01,2009-11-01T18:00:00Z,DAL,SEA,17,38
2009,2,8,2009-11-01,2009-11-01T18:00:00Z,IND,SF,14,18
2009,2,8,2009-11-01,2009-11-01T18:00:00Z,DET,STL,17,10
2009,2,8,2009-11-01,2009-11-01T21:05:00Z,TEN,JAX,13,30
2009,2,8,2009-11-01,2009-11-01T21:05:00Z,SD,OAK,16,24
2009,2,8,2009-11-01,2009-11-01T21:15:00Z,ARI,CAR,34,21
2009,2,8,2009-11-01,2009-11-01T21:15:00Z,GB,MIN,38,26
2009,2,8,2009-11-03,2009-11-03T01:30:00Z,NO,ATL,27,35
2009,2,9,2009-11-08,2009-11-08T18:00:00Z,CHI,ARI,41,21
2009,2,9,2009-11-08,2009-11-08T18:00:00Z,CIN,BAL,7,17
2009,2,9,2009-11-08,2009-11-08T18:00:00Z,TB,GB,28,38
2009,2,9,2009-11-08,2009-11-08T18:00:00Z,IND,HOU,17,20
2009,2,9,2009-11-08,2009-11-08T18:00:00Z,JAX,KC,21,24
2009,2,9,2009-11-08,2009-11-08T18:00:00Z,NE,MIA,17,27
2009,2,9,2009-11-08,2009-11-08T18:00:00Z,ATL,WSH,17,31
2009,2,9,2009-11-08,2009-11-08T21:05:00Z,NO,CAR,20,30
2009,2,9,2009-11-08,2009-11-08T21:05:00Z,SEA,DET,20,32
2009,2,9,2009-11-08,2009-11-08T21:15:00Z,NYG,SD,21,20
2009,2,9,2009-11-08,2009-11-08T21:15:00Z,SF,TEN,34,27
2009,2,9,2009-11-09,2009-11-09T01:20:00Z,PHI,DAL,20,16
2009,2,9,2009-11-10,2009-11-10T01:30:00Z,DEN,PIT,28,10
2009,2,10,2009-11-13,2009-11-13T01:20:00Z,SF,CHI,6,10
2009,2,10,2009-11-15,2009-11-15T18:00:00Z,CAR,ATL,19,28
2009,2,10,2009-11-15,2009-11-15T18:00:00Z,TEN,BUF,17,41
2009,2,10,2009-11-15,2009-11-15T18:00:00Z,PIT,CIN,18,12
2009,2,10,2009-11-15,2009-11-15T18:00:00Z,WSH,DEN,17,27
2009,2,10,2009-11-15,2009-11-15T18:00:00Z,MIN,DET,10,27
2009,2,10,2009-11-15,2009-11-15T18:00:00Z,NYJ,JAX,24,22
2009,2,10,2009-11-15,2009-11-15T18:00:00Z,STL,NO,28,23
2009,2,10,2009-11-15,2009-11-15T18:00:00Z,MIA,TB,23,25
2009,2,10,2009-11-15,2009-11-15T21:05:00Z,OAK,KC,16,10
2009,2,10,2009-11-15,2009-11-15T21:15:00Z,GB,DAL,7,17
2009,2,10,2009-11-15,2009-11-15T21:15:00Z,SD,PHI,23,31
2009,2,10,2009-11-15,2009-11-15T21:15:00Z,ARI,SEA,20,31
2009,2,10,2009-11-16,2009-11-16T01:20:00Z,IND,NE,34,35
2009,2,10,2009-11-17,2009-11-17T01:30:00Z,CLE,BAL,16,0
2009,2,11,2009-11-20,2009-11-20T01:20:00Z,CAR,MIA,24,17
2009,2,11,2009-11-22,2009-11-22T18:00:00Z,NYG,ATL,31,34
2009,2,11,2009-11-22,2009-11-22T18:00:00Z,JAX,BUF,15,18
2009,2,11,2009-11-22,2009-11-22T18:00:00Z,DET,CLE,37,38
2009,2,11,2009-11-22,2009-11-22T18:00:00Z,BAL,IND,17,15
2009,2,11,2009-11-22,2009-11-22T18:00:00Z,TB,NO,38,7
2009,2,11,2009-11-22,2009-11-22T18:00:00Z,KC,PIT,24,27
2009,2,11,2009-11-22,2009-11-22T18:00:00Z,MIN,SEA,9,35
2009,2,11,2009-11-22,2009-11-22T18:00:00Z,GB,SF,24,30
2009,2,11,2009-11-22,2009-11-22T18:00:00Z,DAL,WSH,6,7
2009,2,11,2009-11-22,2009-11-22T21:05:00Z,STL,ARI,21,13
2009,2,11,2009-11-22,2009-11-22T21:15:00Z,OAK,CIN,17,20
2009,2,11,2009-11-22,2009-11-22T21:15:00Z,NE,NYJ,14,31
2009,2,11,2009-11-22,2009-11-22T21:15:00Z,DEN,SD,32,3
2009,2,11,2009-11-23,2009-11-23T01:20:00Z,CHI,PHI,24,20
2009,2,11,2009-11-24,2009-11-24T01:30:00Z,HOU,TEN,20,17
2009,2,12,2009-11-26,2009-11-26T17:30:00Z,DET,GB,34,12
2009,2,12,2009-11-26,2009-11-26T21:15:00Z,DAL,OAK,7,24
2009,2,12,2009-11-27,2009-11-27T01:20:00Z,DEN,NYG,6,26
2009,2,12,2009-11-29,2009-11-29T18:00:00Z,NYJ,CAR,6,17
2009,2,12,2009-11-29,2009-11-29T18:00:00Z,CIN,CLE,7,16
2009,2,12,2009-11-29,2009-11-29T18:00:00Z,HOU,IND,35,27
2009,2,12,2009-11-29,2009-11-29T18:00:00Z,BUF,MIA,14,31
2009,2,12,2009-11-29,2009-11-29T18:00:00Z,STL,SEA,27,17
2009,2,12,2009-11-29,2009-11-29T18:00:00Z,ATL,TB,17,20
2009,2,12,2009-11-29,2009-11-29T18:00:00Z,PHI,WSH,24,27
2009,2,12,2009-11-29,2009-11-29T21:05:00Z,SF,JAX,3,20
2009,2,12,2009-11-29,2009-11-29T21:05:00Z,SD,KC,14,43
2009,2,12,2009-11-29,2009-11-29T21:15:00Z,TEN,ARI,17,20
2009,2,12,2009-11-29,2009-11-29T21:15:00Z,MIN,CHI,10,36
2009,2,12,2009-11-30,2009-11-30T01:20:00Z,BAL,PIT,17,20
2009,2,12,2009-12-01,2009-12-01T01:30:00Z,NO,NE,17,38
2009,2,13,2009-12-04,2009-12-04T01:20:00Z,BUF,NYJ,19,13
2009,2,13,2009-12-06,2009-12-06T18:00:00Z,KC,DEN,44,13
2009,2,13,2009-12-06,2009-12-06T18:00:00Z,CIN,DET,13,23
2009,2,13,2009-12-06,2009-12-06T18:00:00Z,JAX,HOU,18,23
2009,2,13,2009-12-06,2009-12-06T18:00:00Z,MIA,NE,21,22
2009,2,13,2009-12-06,2009-12-06T18:00:00Z,WSH,NO,33,30
2009,2,13,2009-12-06,2009-12-06T18:00:00Z,PIT,OAK,27,24
2009,2,13,2009-12-06,2009-12-06T18:00:00Z,ATL,PHI,34,7
2009,2,13,2009-12-06,2009-12-06T18:00:00Z,CHI,STL,9,17
2009,2,13,2009-12-06,2009-12-06T18:00:00Z,CAR,TB,6,16
2009,2,13,2009-12-06,2009-12-06T18:00:00Z,IND,TEN,17,27
2009,2,13,2009-12-06,2009-12-06T21:05:00Z,CLE,SD,30,23
2009,2,13,2009-12-06,2009-12-06T21:15:00Z,NYG,DAL,24,31
2009,2,13,2009-12-06,2009-12-06T21:15:00Z,SEA,SF,17,20
2009,2,13,2009-12-07,2009-12-07T01:20:00Z,ARI,MIN,17,30
2009,2,13,2009-12-08,2009-12-08T01:30:00Z,GB,BAL,14,27
2009,2,14,2009-12-11,2009-12-11T01:20:00Z,CLE,PIT,6,13
2009,2,14,2009-12-13,2009-12-13T18:00:00Z,KC,BUF,16,10
2009,2,14,2009-12-13,2009-12-13T18:00:00Z,NE,CAR,10,20
2009,2,14,2009-12-13,2009-12-13T18:00:00Z,MIN,CIN,10,30
2009,2,14,2009-12-13,2009-12-13T18:00:00Z,IND,DEN,16,28
2009,2,14,2009-12-13,2009-12-13T18:00:00Z,BAL,DET,3,48
2009,2,14,2009-12-13,2009-12-13T18:00:00Z,CHI,GB,21,14
2009,2,14,2009-12-13,2009-12-13T18:00:00Z,JAX,MIA,14,10
2009,2,14,2009-12-13,2009-12-13T18:00:00Z,ATL,NO,26,23
2009,2,14,2009-12-13,2009-12-13T18:00:00Z,TB,NYJ,26,3
2009,2,14,2009-12-13,2009-12-13T18:00:00Z,HOU,SEA,7,34
2009,2,14,2009-12-13,2009-12-13T21:05:00Z,TEN,STL,7,47
2009,2,14,2009-12-13,2009-12-13T21:05:00Z,OAK,WSH,34,13
2009,2,14,2009-12-13,2009-12-13T21:15:00Z,DAL,SD,20,17
2009,2,14,2009-12-14,2009-12-14T01:20:00Z,NYG,PHI,45,38
2009,2,14,2009-12-15,2009-12-15T01:30:00Z,SF,ARI,9,24
2009,2,15,2009-12-18,2009-12-18T01:20:00Z,JAX,IND,35,31
2009,2,15,2009-12-20,2009-12-20T01:20:00Z,NO,DAL,24,17
2009,2,15,2009-12-20,2009-12-20T18:00:00Z,DET,ARI,31,24
2009,2,15,2009-12-20,2009-12-20T18:00:00Z,NYJ,ATL,10,7
2009,2,15,2009-12-20,2009-12-20T18:00:00Z,KC,CLE,41,34
2009,2,15,2009-12-20,2009-12-20T18:00:00Z,STL,HOU,16,13
2009,2,15,2009-12-20,2009-12-20T18:00:00Z,TEN,MIA,24,27
2009,2,15,2009-12-20,2009-12-20T18:00:00Z,BUF,NE,17,10
2009,2,15,2009-12-20,2009-12-20T21:05:00Z,SD,CIN,24,27
2009,2,15,2009-12-20,2009-12-20T21:05:00Z,DEN,OAK,20,19
2009,2,15,2009-12-20,2009-12-20T21:15:00Z,BAL,CHI,7,31
2009,2,15,2009-12-20,2009-12-20T21:15:00Z,PIT,GB,36,37
2009,2,15,2009-12-20,2009-12-20T21:15:00Z,PHI,SF,13,27
2009,2,15,2009-12-20,2009-12-20T21:15:00Z,SEA,TB,24,7
2009,2,15,2009-12-21,2009-12-21T01:20:00Z,CAR,MIN,7,26
2009,2,15,2009-12-22,2009-12-22T01:30:00Z,WSH,NYG,45,12
2009,2,16,2009-12-26,2009-12-26T00:30:00Z,TEN,SD,42,17
2009,2,16,2009-12-27,2009-12-27T18:00:00Z,PIT,BAL,20,23
2009,2,16,2009-12-27,2009-12-27T18:00:00Z,ATL,BUF,3,31
2009,2,16,2009-12-27,2009-12-27T18:00:00Z,NYG,CAR,41,9
2009,2,16,2009-12-27,2009-12-27T18:00:00Z,MIA,HOU,27,20
2009,2,16,2009-12-27,2009-12-27T18:00:00Z,NE,JAX,7,35
2009,2,16,2009-12-27,2009-12-27T18:00:00Z,CIN,KC,10,17
2009,2,16,2009-12-27,2009-12-27T18:00:00Z,CLE,OAK,9,23
2009,2,16,2009-12-27,2009-12-27T18:00:00Z,GB,SEA,10,48
2009,2,16,2009-12-27,2009-12-27T18:00:00Z,NO,TB,20,17
2009,2,16,2009-12-27,2009-12-27T21:05:00Z,SF,DET,6,20
2009,2,16,2009-12-27,2009-12-27T21:05:00Z,ARI,STL,10,31
2009,2,16,2009-12-27,2009-12-27T21:15:00Z,PHI,DEN,27,30
2009,2,16,2009-12-27,2009-12-27T21:15:00Z,IND,NYJ,29,15
2009,2,16,2009-12-28,2009-12-28T01:20:00Z,WSH,DAL,17,0
2009,2,16,2009-12-29,2009-12-29T01:30:00Z,CHI,MIN,30,36
2009,2,17,2010-01-03,2010-01-03T18:00:00Z,TB,ATL,20,10
2009,2,17,2010-01-03,2010-01-03T18:00:00Z,DET,CHI,37,23
2009,2,17,2010-01-03,2010-01-03T18:00:00Z,BUF,IND,7,30
2009,2,17,2010-01-03,2010-01-03T18:00:00Z,CLE,JAX,17,23
2009,2,17,2010-01-03,2010-01-03T18:00:00Z,HOU,NE,27,34
2009,2,17,2010-01-03,2010-01-03T18:00:00Z,CAR,NO,10,23
2009,2,17,2010-01-03,2010-01-03T18:00:00Z,MIN,NYG,7,44
2009,2,17,2010-01-03,2010-01-03T18:00:00Z,MIA,PIT,30,24
2009,2,17,2010-01-03,2010-01-03T18:00:00Z,STL,SF,28,6
2009,2,17,2010-01-03,2010-01-03T21:15:00Z,OAK,BAL,21,13
2009,2,17,2010-01-03,2010-01-03T21:15:00Z,ARI,GB,33,7
2009,2,17,2010-01-03,2010-01-03T21:15:00Z,DEN,KC,44,24
2009,2,17,2010-01-03,2010-01-03T21:15:00Z,DAL,PHI,0,24
2009,2,17,2010-01-03,2010-01-03T21:15:00Z,SEA,TEN,17,13
2009,2,17,2010-01-03,2010-01-03T21:15:00Z,SD,WSH,20,23
2009,2,17,2010-01-04,2010-01-04T01:20:00Z,NYJ,CIN,0,37
2009,3,1,2010-01-09,2010-01-09T21:30:00Z,CIN,NYJ,24,14
2009,3,1,2010-01-10,2010-01-10T01:00:00Z,DAL,PHI,14,34
2009,3,1,2010-01-10,2010-01-10T18:00:00Z,NE,BAL,33,14
2009,3,1,2010-01-10,2010-01-10T21:40:00Z,ARI,GB,45,51
2009,3,2,2010-01-16,2010-01-16T21:30:00Z,NO,ARI,14,45
2009,3,2,2010-01-17,2010-01-17T01:15:00Z,IND,BAL,3,20
2009,3,2,2010-01-17,2010-01-17T18:00:00Z,MIN,DAL,3,34
2009,3,2,2010-01-17,2010-01-17T21:40:00Z,SD,NYJ,17,14
2009,3,3,2010-01-24,2010-01-24T20:00:00Z,IND,NYJ,17,30
2009,3,3,2010-01-24,2010-01-24T23:40:00Z,NO,MIN,28,31
2009,3,4,2010-02-01,2010-02-01T00:20:00Z,AFC,NFC,34,41
2009,3,5,2010-02-07,2010-02-07T23:25:00Z,IND,NO,31,17
2010,1,1,2010-08-09,2010-08-09T00:00:00Z,CIN,DAL,16,7
2010,1,2,2010-08-12,2010-08-12T23:30:00Z,NE,NO,24,27
2010,1,2,2010-08-13,2010-08-13T00:00:00Z,BAL,CAR,12,17
2010,1,2,2010-08-13,2010-08-13T01:00:00Z,DAL,OAK,17,9
2010,1,2,2010-08-13,2010-08-13T23:30:00Z,WSH,BUF,17,42
2010,1,2,2010-08-13,2010-08-13T23:30:00Z,PHI,JAX,27,28
2010,1,2,2010-08-14,2010-08-14T00:00:00Z,ATL,KC,10,20
2010,1,2,2010-08-14,2010-08-14T23:00:00Z,MIA,TB,7,10
2010,1,2,2010-08-14,2010-08-14T23:30:00Z,PIT,DET,7,23
2010,1,2,2010-08-15,2010-08-15T00:00:00Z,GB,CLE,27,24
2010,1,2,2010-08-15,2010-08-15T00:00:00Z,ARI,HOU,16,19
2010,1,2,2010-08-15,2010-08-15T00:00:00Z,STL,MIN,28,7
2010,1,2,2010-08-15,2010-08-15T01:00:00Z,SD,CHI,10,25
2010,1,2,2010-08-15,2010-08-15T02:00:00Z,SEA,TEN,18,20
2010,1,2,2010-08-15,2010-08-15T17:00:00Z,IND,SF,37,17
2010,1,2,2010-08-15,2010-08-15T23:00:00Z,CIN,DEN,24,33
2010,1,2,2010-08-17,2010-08-17T00:00:00Z,NYJ,NYG,31,16
2010,1,3,2010-08-19,2010-08-19T23:30:00Z,BUF,IND,21,34
2010,1,3,2010-08-20,2010-08-20T00:00:00Z,ATL,NE,28,10
2010,1,3,2010-08-21,2010-08-21T00:00:00Z,CIN,PHI,9,22
2010,1,3,2010-08-21,2010-08-21T23:00:00Z,WSH,BAL,23,3
2010,1,3,2010-08-21,2010-08-21T23:00:00Z,NYG,PIT,24,17
2010,1,3,2010-08-21,2010-08-21T23:30:00Z,TB,KC,15,20
2010,1,3,2010-08-21,2010-08-21T23:30:00Z,JAX,MIA,27,26
2010,1,3,2010-08-21,2010-08-21T23:30:00Z,CLE,STL,19,17
2010,1,3,2010-08-22,2010-08-22T00:00:00Z,NO,HOU,20,38
2010,1,3,2010-08-22,2010-08-22T00:00:00Z,CAR,NYJ,9,3
2010,1,3,2010-08-22,2010-08-22T00:30:00Z,CHI,OAK,32,17
2010,1,3,2010-08-22,2010-08-22T01:00:00Z,SD,DAL,16,14
2010,1,3,2010-08-22,2010-08-22T01:00:00Z,DEN,DET,25,20
2010,1,3,2010-08-22,2010-08-22T02:00:00Z,SEA,GB,27,24
2010,1,3,2010-08-23,2010-08-23T00:00:00Z,SF,MIN,10,15
2010,1,3,2010-08-24,2010-08-24T00:00:00Z,TEN,ARI,10,24
2010,1,4,2010-08-26,2010-08-26T23:30:00Z,NE,STL,36,35
2010,1,4,2010-08-27,2010-08-27T00:00:00Z,GB,IND,24,59
2010,1,4,2010-08-27,2010-08-27T23:00:00Z,MIA,ATL,16,6
2010,1,4,2010-08-27,2010-08-27T23:00:00Z,NYJ,WSH,16,11
2010,1,4,2010-08-28,2010-08-28T00:00:00Z,KC,PHI,20,17
2010,1,4,2010-08-28,2010-08-28T00:00:00Z,NO,SD,21,36
2010,1,4,2010-08-28,2010-08-28T21:00:00Z,DET,CLE,27,35
2010,1,4,2010-08-28,2010-08-28T22:30:00Z,BUF,CIN,20,35
2010,1,4,2010-08-28,2010-08-28T23:30:00Z,TB,JAX,19,13
2010,1,4,2010-08-28,2010-08-28T23:30:00Z,BAL,NYG,10,24
2010,1,4,2010-08-29,2010-08-29T00:00:00Z,HOU,DAL,7,23
2010,1,4,2010-08-29,2010-08-29T00:00:00Z,MIN,SEA,13,24
2010,1,4,2010-08-29,2010-08-29T00:00:00Z,CAR,TEN,7,15
2010,1,4,2010-08-29,2010-08-29T00:30:00Z,CHI,ARI,14,9
2010,1,4,2010-08-29,2010-08-29T01:00:00Z,OAK,SF,28,24
2010,1,4,2010-08-30,2010-08-30T00:00:00Z,DEN,PIT,17,34
2010,1,5,2010-09-02,2010-09-02T23:00:00Z,DET,BUF,23,28
2010,1,5,2010-09-02,2010-09-02T23:00:00Z,IND,CIN,30,28
2010,1,5,2010-09-02,2010-09-02T23:00:00Z,NYG,NE,17,20
2010,1,5,2010-09-02,2010-09-02T23:30:00Z,JAX,ATL,9,13
2010,1,5,2010-09-02,2010-09-02T23:30:00Z,PIT,CAR,3,19
2010,1,5,2010-09-02,2010-09-02T23:30:00Z,PHI,NYJ,21,17
2010,1,5,2010-09-03,2010-09-03T00:00:00Z,STL,BAL,21,27
2010,1,5,2010-09-03,2010-09-03T00:00:00Z,CLE,CHI,10,13
2010,1,5,2010-09-03,2010-09-03T00:00:00Z,MIN,DEN,24,31
2010,1,5,2010-09-03,2010-09-03T00:00:00Z,KC,GB,13,17
2010,1,5,2010-09-03,2010-09-03T00:00:00Z,DAL,MIA,25,27
2010,1,5,2010-09-03,2010-09-03T00:00:00Z,TEN,NO,24,27
2010,1,5,2010-09-03,2010-09-03T00:00:00Z,HOU,TB,24,17
2010,1,5,2010-09-03,2010-09-03T02:00:00Z,SF,SD,14,17
2010,1,5,2010-09-03,2010-09-03T02:00:00Z,OAK,SEA,24,27
2010,1,5,2010-09-03,2010-09-03T02:00:00Z,ARI,WSH,10,20
2010,2,1,2010-09-10,2010-09-10T00:30:00Z,NO,MIN,9,14
2010,2,1,2010-09-12,2010-09-12T17:00:00Z,PIT,ATL,9,15
2010,2,1,2010-09-12,2010-09-12T17:00:00Z,NYG,CAR,18,31
2010,2,1,2010-09-12,2010-09-12T17:00:00Z,NE,CIN,24,38
2010,2,1,2010-09-12,2010-09-12T17:00:00Z,TB,CLE,14,17
2010,2,1,2010-09-12,2010-09-12T17:00:00Z,JAX,DEN,17,24
2010,2,1,2010-09-12,2010-09-12T17:00:00Z,CHI,DET,14,19
2010,2,1,2010-09-12,2010-09-12T17:00:00Z,HOU,IND,24,34
2010,2,1,2010-09-12,2010-09-12T17:00:00Z,BUF,MIA,15,10
2010,2,1,2010-09-12,2010-09-12T17:00:00Z,TEN,OAK,13,38
2010,2,1,2010-09-12,2010-09-12T20:15:00Z,STL,ARI,17,13
2010,2,1,2010-09-12,2010-09-12T20:15:00Z,PHI,GB,27,20
2010,2,1,2010-09-12,2010-09-12T20:15:00Z,SEA,SF,6,31
2010,2,1,2010-09-13,2010-09-13T00:20:00Z,WSH,DAL,7,13
2010,2,1,2010-09-13,2010-09-13T23:00:00Z,NYJ,BAL,10,9
2010,2,1,2010-09-14,2010-09-14T02:15:00Z,KC,SD,14,21
2010,2,2,2010-09-19,2010-09-19T17:00:00Z,ATL,ARI,7,41
2010,2,2,2010-09-19,2010-09-19T17:00:00Z,CIN,BAL,10,15
2010,2,2,2010-09-19,2010-09-19T17:00:00Z,GB,BUF,7,34
2010,2,2,2010-09-19,2010-09-19T17:00:00Z,DAL,CHI,27,20
2010,2,2,2010-09-19,2010-09-19T17:00:00Z,CLE,KC,16,14
2010,2,2,2010-09-19,2010-09-19T17:00:00Z,MIN,MIA,14,10
2010,2,2,2010-09-19,2010-09-19T17:00:00Z,DET,PHI,35,32
2010,2,2,2010-09-19,2010-09-19T17:00:00Z,TEN,PIT,19,11
2010,2,2,2010-09-19,2010-09-19T17:00:00Z,CAR,TB,20,7
2010,2,2,2010-09-19,2010-09-19T20:05:00Z,DEN,SEA,14,31
2010,2,2,2010-09-19,2010-09-19T20:05:00Z,OAK,STL,14,16
2010,2,2,2010-09-19,2010-09-19T20:15:00Z,WSH,HOU,30,27
2010,2,2,2010-09-19,2010-09-19T20:15:00Z,SD,JAX,13,38
2010,2,2,2010-09-19,2010-09-19T20:15:00Z,NYJ,NE,14,28
2010,2,2,2010-09-20,2010-09-20T00:20:00Z,IND,NYG,14,38
2010,2,2,2010-09-21,2010-09-21T00:30:00Z,SF,NO,25,22
2010,2,3,2010-09-26,2010-09-26T17:00:00Z,NO,ATL,27,24
2010,2,3,2010-09-26,2010-09-26T17:00:00Z,NE,BUF,30,38
2010,2,3,2010-09-26,2010-09-26T17:00:00Z,CAR,CIN,20,7
2010,2,3,2010-09-26,2010-09-26T17:00:00Z,BAL,CLE,17,24
2010,2,3,2010-09-26,2010-09-26T17:00:00Z,HOU,DAL,27,13
2010,2,3,2010-09-26,2010-09-26T17:00:00Z,MIN,DET,10,24
2010,2,3,2010-09-26,2010-09-26T17:00:00Z,TB,PIT,38,13
2010,2,3,2010-09-26,2010-09-26T17:00:00Z,KC,SF,10,31
2010,2,3,2010-09-26,2010-09-26T17:00:00Z,NYG,TEN,29,10
2010,2,3,2010-09-26,2010-09-26T20:05:00Z,JAX,PHI,28,3
2010,2,3,2010-09-26,2010-09-26T20:05:00Z,STL,WSH,16,30
2010,2,3,2010-09-26,2010-09-26T20:15:00Z,DEN,IND,27,13
2010,2,3,2010-09-26,2010-09-26T20:15:00Z,ARI,OAK,23,24
2010,2,3,2010-09-26,2010-09-26T20:15:00Z,SEA,SD,20,27
2010,2,3,2010-09-27,2010-09-27T00:20:00Z,MIA,NYJ,31,23
2010,2,3,2010-09-28,2010-09-28T00:30:00Z,CHI,GB,17,20
2010,2,4,2010-10-03,2010-10-03T17:00:00Z,PIT,BAL,17,14
2010,2,4,2010-10-03,2010-10-03T17:00:00Z,NO,CAR,14,16
2010,2,4,2010-10-03,2010-10-03T17:00:00Z,CLE,CIN,20,23
2010,2,4,2010-10-03,2010-10-03T17:00:00Z,TEN,DEN,26,20
2010,2,4,2010-10-03,2010-10-03T17:00:00Z,GB,DET,26,28
2010,2,4,2010-10-03,2010-10-03T17:00:00Z,BUF,NYJ,38,14
2010,2,4,2010-10-03,2010-10-03T17:00:00Z,STL,SEA,3,20
2010,2,4,2010-10-03,2010-10-03T17:00:00Z,ATL,SF,14,16
2010,2,4,2010-10-03,2010-10-03T20:05:00Z,OAK,HOU,31,24
2010,2,4,2010-10-03,2010-10-03T20:05:00Z,JAX,IND,28,31
2010,2,4,2010-10-03,2010-10-03T20:15:00Z,SD,ARI,10,41
2010,2,4,2010-10-03,2010-10-03T20:15:00Z,PHI,WSH,17,12
2010,2,4,2010-10-04,2010-10-04T00:20:00Z,NYG,CHI,3,17
2010,2,4,2010-10-05,2010-10-05T00:30:00Z,MIA,NE,41,14
2010,2,5,2010-10-10,2010-10-10T17:00:00Z,CLE,ATL,20,10
2010,2,5,2010-10-10,2010-10-10T17:00:00Z,CAR,CHI,23,6
2010,2,5,2010-10-10,2010-10-10T17:00:00Z,BAL,DEN,17,31
2010,2,5,2010-10-10,2010-10-10T17:00:00Z,WSH,GB,13,16
2010,2,5,2010-10-10,2010-10-10T17:00:00Z,BUF,JAX,36,26
2010,2,5,2010-10-10,2010-10-10T17:00:00Z,IND,KC,9,19
2010,2,5,2010-10-10,2010-10-10T17:00:00Z,HOU,NYG,34,10
2010,2,5,2010-10-10,2010-10-10T17:00:00Z,DET,STL,6,44
2010,2,5,2010-10-10,2010-10-10T17:00:00Z,CIN,TB,24,21
2010,2,5,2010-10-10,2010-10-10T20:05:00Z,ARI,NO,20,30
2010,2,5,2010-10-10,2010-10-10T20:15:00Z,OAK,SD,27,35
2010,2,5,2010-10-10,2010-10-10T20:15:00Z,DAL,TEN,34,27
2010,2,5,2010-10-11,2010-10-11T00:20:00Z,SF,PHI,27,24
2010,2,5,2010-10-12,2010-10-12T01:15:00Z,NYJ,MIN,20,29
2010,2,6,2010-10-17,2010-10-17T17:00:00Z,PHI,ATL,17,31
2010,2,6,2010-10-17,2010-10-17T17:00:00Z,NE,BAL,20,23
2010,2,6,2010-10-17,2010-10-17T17:00:00Z,PIT,CLE,10,28
2010,2,6,2010-10-17,2010-10-17T17:00:00Z,NYG,DET,20,28
2010,2,6,2010-10-17,2010-10-17T17:00:00Z,HOU,KC,31,35
2010,2,6,2010-10-17,2010-10-17T17:00:00Z,GB,MIA,23,20
2010,2,6,2010-10-17,2010-10-17T17:00:00Z,TB,NO,31,6
2010,2,6,2010-10-17,2010-10-17T17:00:00Z,STL,SD,17,20
2010,2,6,2010-10-17,2010-10-17T17:00:00Z,CHI,SEA,23,20
2010,2,6,2010-10-17,2010-10-17T20:05:00Z,DEN,NYJ,24,20
2010,2,6,2010-10-17,2010-10-17T20:05:00Z,SF,OAK,9,17
2010,2,6,2010-10-17,2010-10-17T20:15:00Z,MIN,DAL,21,24
2010,2,6,2010-10-18,2010-10-18T00:20:00Z,WSH,IND,27,24
2010,2,6,2010-10-19,2010-10-19T00:30:00Z,JAX,TEN,30,3
2010,2,7,2010-10-24,2010-10-24T17:00:00Z,BAL,BUF,34,37
2010,2,7,2010-10-24,2010-10-24T17:00:00Z,ATL,CIN,32,39
2010,2,7,2010-10-24,2010-10-24T17:00:00Z,NO,CLE,30,17
2010,2,7,2010-10-24,2010-10-24T17:00:00Z,KC,JAX,20,42
2010,2,7,2010-10-24,2010-10-24T17:00:00Z,TEN,PHI,19,37
2010,2,7,2010-10-24,2010-10-24T17:00:00Z,MIA,PIT,23,22
2010,2,7,2010-10-24,2010-10-24T17:00:00Z,CAR,SF,20,23
2010,2,7,2010-10-24,2010-10-24T17:00:00Z,TB,STL,17,18
2010,2,7,2010-10-24,2010-10-24T17:00:00Z,CHI,WSH,17,14
2010,2,7,2010-10-24,2010-10-24T20:05:00Z,SEA,ARI,10,22
2010,2,7,2010-10-24,2010-10-24T20:15:00Z,SD,NE,23,20
2010,2,7,2010-10-24,2010-10-24T20:15:00Z,DEN,OAK,59,14
2010,2,7,2010-10-25,2010-10-25T00:20:00Z,GB,MIN,24,28
2010,2,7,2010-10-26,2010-10-26T00:30:00Z,DAL,NYG,41,35
2010,2,8,2010-10-31,2010-10-31T17:00:00Z,KC,BUF,10,13
2010,2,8,2010-10-31,2010-10-31T17:00:00Z,STL,CAR,10,20
2010,2,8,2010-10-31,2010-10-31T17:00:00Z,SF,DEN,16,24
2010,2,8,2010-10-31,2010-10-31T17:00:00Z,NYJ,GB,9,0
2010,2,8,2010-10-31,2010-10-31T17:00:00Z,DAL,JAX,35,17
2010,2,8,2010-10-31,2010-10-31T17:00:00Z,CIN,MIA,22,14
2010,2,8,2010-10-31,2010-10-31T17:00:00Z,DET,WSH,25,37
2010,2,8,2010-10-31,2010-10-31T20:05:00Z,SD,TEN,25,33
2010,2,8,2010-10-31,2010-10-31T20:15:00Z,NE,MIN,18,28
2010,2,8,2010-10-31,2010-10-31T20:15:00Z,OAK,SEA,3,33
2010,2,8,2010-10-31,2010-10-31T20:15:00Z,ARI,TB,38,35
2010,2,8,2010-11-01,2010-11-01T00:20:00Z,NO,PIT,10,20
2010,2,8,2010-11-02,2010-11-02T00:30:00Z,IND,HOU,17,30
2010,2,9,2010-11-07,2010-11-07T18:00:00Z,MIN,ARI,24,27
2010,2,9,2010-11-07,2010-11-07T18:00:00Z,BUF,CHI,22,19
2010,2,9,2010-11-07,2010-11-07T18:00:00Z,BAL,MIA,10,26
2010,2,9,2010-11-07,2010-11-07T18:00:00Z,CLE,NE,14,34
2010,2,9,2010-11-07,2010-11-07T18:00:00Z,CAR,NO,34,3
2010,2,9,2010-11-07,2010-11-07T18:00:00Z,DET,NYJ,23,20
2010,2,9,2010-11-07,2010-11-07T18:00:00Z,HOU,SD,29,23
2010,2,9,2010-11-07,2010-11-07T18:00:00Z,ATL,TB,21,27
2010,2,9,2010-11-07,2010-11-07T21:05:00Z,SEA,NYG,41,7
2010,2,9,2010-11-07,2010-11-07T21:15:00Z,PHI,IND,24,26
2010,2,9,2010-11-07,2010-11-07T21:15:00Z,OAK,KC,20,23
2010,2,9,2010-11-08,2010-11-08T01:20:00Z,GB,DAL,7,45
2010,2,9,2010-11-09,2010-11-09T01:30:00Z,CIN,PIT,27,21
2010,2,10,2010-11-12,2010-11-12T01:20:00Z,ATL,BAL,21,26
2010,2,10,2010-11-14,2010-11-14T18:00:00Z,TB,CAR,16,31
2010,2,10,2010-11-14,2010-11-14T18:00:00Z,IND,CIN,17,23
2010,2,10,2010-11-14,2010-11-14T18:00:00Z,BUF,DET,12,14
2010,2,10,2010-11-14,2010-11-14T18:00:00Z,JAX,HOU,24,31
2010,2,10,2010-11-14,2010-11-14T18:00:00Z,CHI,MIN,13,27
2010,2,10,2010-11-14,2010-11-14T18:00:00Z,CLE,NYJ,26,20
2010,2,10,2010-11-14,2010-11-14T18:00:00Z,MIA,TEN,17,29
2010,2,10,2010-11-14,2010-11-14T21:05:00Z,DEN,KC,29,49
2010,2,10,2010-11-14,2010-11-14T21:15:00Z,NYG,DAL,33,20
2010,2,10,2010-11-14,2010-11-14T21:15:00Z,ARI,SEA,36,18
2010,2,10,2010-11-14,2010-11-14T21:15:00Z,SF,STL,20,23
2010,2,10,2010-11-15,2010-11-15T01:20:00Z,PIT,NE,39,26
2010,2,10,2010-11-16,2010-11-16T01:30:00Z,WSH,PHI,59,28
2010,2,11,2010-11-19,2010-11-19T01:20:00Z,MIA,CHI,16,0
2010,2,11,2010-11-21,2010-11-21T18:00:00Z,KC,ARI,13,31
2010,2,11,2010-11-21,2010-11-21T18:00:00Z,CAR,BAL,37,13
2010,2,11,2010-11-21,2010-11-21T18:00:00Z,CIN,BUF,49,31
2010,2,11,2010-11-21,2010-11-21T18:00:00Z,JAX,CLE,20,24
2010,2,11,2010-11-21,2010-11-21T18:00:00Z,DAL,DET,19,35
2010,2,11,2010-11-21,2010-11-21T18:00:00Z,MIN,GB,31,3
2010,2,11,2010-11-21,2010-11-21T18:00:00Z,NYJ,HOU,27,30
2010,2,11,2010-11-21,2010-11-21T18:00:00Z,PIT,OAK,3,35
2010,2,11,2010-11-21,2010-11-21T18:00:00Z,TEN,WSH,19,16
2010,2,11,2010-11-21,2010-11-21T21:05:00Z,STL,ATL,34,17
2010,2,11,2010-11-21,2010-11-21T21:05:00Z,NO,SEA,19,34
2010,2,11,2010-11-21,2010-11-21T21:05:00Z,SF,TB,21,0
2010,2,11,2010-11-21,2010-11-21T21:15:00Z,NE,IND,28,31
2010,2,11,2010-11-22,2010-11-22T01:20:00Z,PHI,NYG,17,27
2010,2,11,2010-11-23,2010-11-23T01:30:00Z,SD,DEN,14,35
2010,2,12,2010-11-25,2010-11-25T17:30:00Z,DET,NE,45,24
2010,2,12,2010-11-25,2010-11-25T21:15:00Z,DAL,NO,30,27
2010,2,12,2010-11-26,2010-11-26T01:20:00Z,NYJ,CIN,10,26
2010,2,12,2010-11-28,2010-11-28T18:00:00Z,CLE,CAR,23,24
2010,2,12,2010-11-28,2010-11-28T18:00:00Z,ATL,GB,17,20
2010,2,12,2010-11-28,2010-11-28T18:00:00Z,NYG,JAX,20,24
2010,2,12,2010-11-28,2010-11-28T18:00:00Z,WSH,MIN,17,13
2010,2,12,2010-11-28,2010-11-28T18:00:00Z,BUF,PIT,19,16
2010,2,12,2010-11-28,2010-11-28T18:00:00Z,HOU,TEN,0,20
2010,2,12,2010-11-28,2010-11-28T21:05:00Z,SEA,KC,42,24
2010,2,12,2010-11-28,2010-11-28T21:05:00Z,OAK,MIA,33,17
2010,2,12,2010-11-28,2010-11-28T21:15:00Z,CHI,PHI,26,31
2010,2,12,2010-11-28,2010-11-28T21:15:00Z,DEN,STL,36,33
2010,2,12,2010-11-28,2010-11-28T21:15:00Z,BAL,TB,10,17
2010,2,12,2010-11-29,2010-11-29T01:20:00Z,IND,SD,36,14
2010,2,12,2010-11-30,2010-11-30T01:30:00Z,ARI,SF,27,6
2010,2,13,2010-12-03,2010-12-03T01:20:00Z,PHI,HOU,24,34
2010,2,13,2010-12-05,2010-12-05T18:00:00Z,MIN,BUF,14,38
2010,2,13,2010-12-05,2010-12-05T18:00:00Z,DET,CHI,24,20
2010,2,13,2010-12-05,2010-12-05T18:00:00Z,MIA,CLE,13,10
2010,2,13,2010-12-05,2010-12-05T18:00:00Z,KC,DEN,6,10
2010,2,13,2010-12-05,2010-12-05T18:00:00Z,TEN,JAX,17,6
2010,2,13,2010-12-05,2010-12-05T18:00:00Z,CIN,NO,34,30
2010,2,13,2010-12-05,2010-12-05T18:00:00Z,GB,SF,16,34
2010,2,13,2010-12-05,2010-12-05T18:00:00Z,NYG,WSH,7,31
2010,2,13,2010-12-05,2010-12-05T21:05:00Z,SD,OAK,28,13
2010,2,13,2010-12-05,2010-12-05T21:15:00Z,TB,ATL,28,24
2010,2,13,2010-12-05,2010-12-05T21:15:00Z,SEA,CAR,14,31
2010,2,13,2010-12-05,2010-12-05T21:15:00Z,IND,DAL,38,35
2010,2,13,2010-12-05,2010-12-05T21:15:00Z,ARI,STL,19,6
2010,2,13,2010-12-06,2010-12-06T01:20:00Z,BAL,PIT,13,10
2010,2,13,2010-12-07,2010-12-07T01:30:00Z,NE,NYJ,3,45
2010,2,14,2010-12-10,2010-12-10T01:20:00Z,TEN,IND,30,28
2010,2,14,2010-12-12,2010-12-12T18:00:00Z,CAR,ATL,31,10
2010,2,14,2010-12-12,2010-12-12T18:00:00Z,PIT,CIN,7,23
2010,2,14,2010-12-12,2010-12-12T18:00:00Z,BUF,CLE,6,13
2010,2,14,2010-12-12,2010-12-12T18:00:00Z,DET,GB,3,7
2010,2,14,2010-12-12,2010-12-12T18:00:00Z,JAX,OAK,31,38
2010,2,14,2010-12-12,2010-12-12T18:00:00Z,WSH,TB,17,16
2010,2,14,2010-12-12,2010-12-12T21:05:00Z,SF,SEA,21,40
2010,2,14,2010-12-12,2010-12-12T21:05:00Z,NO,STL,13,31
2010,2,14,2010-12-12,2010-12-12T21:15:00Z,ARI,DEN,13,43
2010,2,14,2010-12-12,2010-12-12T21:15:00Z,SD,KC,0,31
2010,2,14,2010-12-12,2010-12-12T21:15:00Z,NYJ,MIA,10,6
2010,2,14,2010-12-12,2010-12-12T21:15:00Z,CHI,NE,36,7
2010,2,14,2010-12-13,2010-12-13T01:20:00Z,DAL,PHI,30,27
2010,2,14,2010-12-14,2010-12-14T00:20:00Z,MIN,NYG,21,3
2010,2,14,2010-12-14,2010-12-14T01:30:00Z,HOU,BAL,34,28
2010,2,15,2010-12-17,2010-12-17T01:20:00Z,SD,SF,7,34
2010,2,15,2010-12-19,2010-12-19T18:00:00Z,CAR,ARI,12,19
2010,2,15,2010-12-19,2010-12-19T18:00:00Z,MIA,BUF,17,14
2010,2,15,2010-12-19,2010-12-19T18:00:00Z,CIN,CLE,17,19
2010,2,15,2010-12-19,2010-12-19T18:00:00Z,TB,DET,23,20
2010,2,15,2010-12-19,2010-12-19T18:00:00Z,TEN,HOU,17,31
2010,2,15,2010-12-19,2010-12-19T18:00:00Z,IND,JAX,24,34
2010,2,15,2010-12-19,2010-12-19T18:00:00Z,STL,KC,27,13
2010,2,15,2010-12-19,2010-12-19T18:00:00Z,BAL,NO,24,30
2010,2,15,2010-12-19,2010-12-19T18:00:00Z,NYG,PHI,38,31
2010,2,15,2010-12-19,2010-12-19T18:00:00Z,DAL,WSH,30,33
2010,2,15,2010-12-19,2010-12-19T21:05:00Z,SEA,ATL,34,18
2010,2,15,2010-12-19,2010-12-19T21:15:00Z,OAK,DEN,23,39
2010,2,15,2010-12-19,2010-12-19T21:15:00Z,PIT,NYJ,22,17
2010,2,15,2010-12-20,2010-12-20T01:20:00Z,NE,GB,27,31
2010,2,15,2010-12-21,2010-12-21T01:30:00Z,MIN,CHI,40,14
2010,2,16,2010-12-24,2010-12-24T01:20:00Z,PIT,CAR,3,27
2010,2,16,2010-12-26,2010-12-26T00:30:00Z,ARI,DAL,26,27
2010,2,16,2010-12-26,2010-12-26T18:00:00Z,CLE,BAL,20,10
2010,2,16,2010-12-26,2010-12-26T18:00:00Z,MIA,DET,34,27
2010,2,16,2010-12-26,2010-12-26T18:00:00Z,BUF,NE,34,3
2010,2,16,2010-12-26,2010-12-26T18:00:00Z,CHI,NYJ,34,38
2010,2,16,2010-12-26,2010-12-26T18:00:00Z,STL,SF,17,25
2010,2,16,2010-12-26,2010-12-26T18:00:00Z,KC,TEN,14,34
2010,2,16,2010-12-26,2010-12-26T18:00:00Z,JAX,WSH,20,17
2010,2,16,2010-12-26,2010-12-26T21:05:00Z,DEN,HOU,23,24
2010,2,16,2010-12-26,2010-12-26T21:05:00Z,OAK,IND,31,26
2010,2,16,2010-12-26,2010-12-26T21:05:00Z,CIN,SD,20,34
2010,2,16,2010-12-26,2010-12-26T21:15:00Z,GB,NYG,17,45
2010,2,16,2010-12-26,2010-12-26T21:15:00Z,TB,SEA,15,38
2010,2,16,2010-12-28,2010-12-28T01:30:00Z,ATL,NO,17,14
2010,2,16,2010-12-29,2010-12-29T01:00:00Z,PHI,MIN,24,14
2010,2,17,2011-01-02,2011-01-02T18:00:00Z,NYJ,BUF,7,38
2010,2,17,2011-01-02,2011-01-02T18:00:00Z,ATL,CAR,10,31
2010,2,17,2011-01-02,2011-01-02T18:00:00Z,BAL,CIN,7,13
2010,2,17,2011-01-02,2011-01-02T18:00:00Z,NE,MIA,7,38
2010,2,17,2011-01-02,2011-01-02T18:00:00Z,DET,MIN,13,20
2010,2,17,2011-01-02,2011-01-02T18:00:00Z,KC,OAK,31,10
2010,2,17,2011-01-02,2011-01-02T18:00:00Z,CLE,PIT,41,9
2010,2,17,2011-01-02,2011-01-02T18:00:00Z,NO,TB,23,13
2010,2,17,2011-01-02,2011-01-02T21:15:00Z,SF,ARI,7,38
2010,2,17,2011-01-02,2011-01-02T21:15:00Z,GB,CHI,3,10
2010,2,17,2011-01-02,2011-01-02T21:15:00Z,PHI,DAL,14,13
2010,2,17,2011-01-02,2011-01-02T21:15:00Z,HOU,JAX,17,34
2010,2,17,2011-01-02,2011-01-02T21:15:00Z,WSH,NYG,17,14
2010,2,17,2011-01-02,2011-01-02T21:15:00Z,DEN,SD,33,28
2010,2,17,2011-01-02,2011-01-02T21:15:00Z,IND,TEN,20,23
2010,2,17,2011-01-03,2011-01-03T01:20:00Z,SEA,STL,6,16
2010,3,1,2011-01-08,2011-01-08T21:30:00Z,SEA,NO,36,41
2010,3,1,2011-01-09,2011-01-09T01:00:00Z,IND,NYJ,17,16
2010,3,1,2011-01-09,2011-01-09T18:00:00Z,KC,BAL,30,7
2010,3,1,2011-01-09,2011-01-09T21:30:00Z,PHI,GB,21,16
2010,3,2,2011-01-15,2011-01-15T21:30:00Z,PIT,BAL,24,31
2010,3,2,2011-01-16,2011-01-16T01:00:00Z,ATL,GB,48,21
2010,3,2,2011-01-16,2011-01-16T18:00:00Z,CHI,SEA,24,35
2010,3,2,2011-01-16,2011-01-16T21:30:00Z,NE,NYJ,28,21
2010,3,3,2011-01-23,2011-01-23T20:00:00Z,CHI,GB,21,14
2010,3,3,2011-01-23,2011-01-23T23:30:00Z,PIT,NYJ,19,24
2010,3,4,2011-01-31,2011-01-31T00:00:00Z,NFC,AFC,41,55
2010,3,5,2011-02-06,2011-02-06T23:29:00Z,GB,PIT,25,31
